lane,n,late,eb_rate,expected_late,late_18,orders_18,late_gmv_18
SP → SP,12735,506.0,0.03975928952920501,506.3345521544258,921.0,17927.0,133712.37
SP → RJ,4001,499.0,0.12437944241358116,497.64214909673825,653.0,4136.0,94364.04
SP → BA,1040,110.0,0.10483937541982066,109.03295043661349,187.0,1264.0,32328.04
SP → RS,1759,100.0,0.05684639569702637,99.99281003106938,138.0,1824.0,21713.46
SP → MG,3498,96.0,0.027609362690451934,96.57755069120087,297.0,3921.0,49171.3
SP → SC,1078,95.0,0.08754985240893434,94.37874089683122,127.0,1242.0,18398.47
SP → ES,670,58.0,0.08569527238407232,57.41583249732845,122.0,788.0,19672.36
SP → PR,1406,53.0,0.03795914301894102,53.37055508463108,85.0,1702.0,16088.85
SP → PE,525,52.0,0.09748575769726588,51.18002279106459,59.0,602.0,10130.96
MG → SP,1347,46.0,0.03447676513899773,46.44020264222994,45.0,1197.0,10785.5
SP → MA,262,45.0,0.1635806310106734,42.85812532479643,48.0,227.0,10197.98
MG → RJ,628,43.0,0.06810144744600294,42.767708996089844,51.0,506.0,8271.39
SP → GO,663,42.0,0.06314749333090762,41.86678807839175,64.0,755.0,9107.44
PR → SP,1127,36.0,0.03237117519181334,36.482314441173635,52.0,1790.0,9678.48
SP → CE,476,33.0,0.06880995553429416,32.75353883432402,100.0,490.0,20680.4
PR → RJ,378,31.0,0.08072798478645704,30.515178249280762,86.0,589.0,14618.28
SP → AL,132,32.0,0.21795880226980197,28.77056189961386,29.0,123.0,3919.74
RJ → SP,507,26.0,0.05147957864328254,26.10014637214425,77.0,802.0,18268.88
SP → DF,568,25.0,0.04443832983845221,25.240971348240855,64.0,811.0,7545.46
SP → PA,344,24.0,0.06903774160717005,23.748983112866497,58.0,336.0,11097.37
MG → MG,716,22.0,0.03142627438180693,22.50121245737376,16.0,805.0,2094.06
SC → SP,629,20.0,0.03255737741912157,20.478590396627467,28.0,680.0,6677.48
SP → PI,162,21.0,0.12159196673082363,19.69789861039343,33.0,166.0,7155.84
SP → MT,292,18.0,0.0613132626442625,17.903472692124648,20.0,357.0,3810.8
SC → RJ,263,18.0,0.06759624715551202,17.77781300189966,25.0,203.0,7125.3
SP → PB,158,18.0,0.10747043789331405,16.98032918714362,17.0,178.0,3787.18
SP → RN,163,17.0,0.0990696062568847,16.148345819872205,16.0,167.0,4013.34
MG → BA,191,16.0,0.08118359215644502,15.506066101880998,20.0,175.0,3439.51
RJ → RJ,388,15.0,0.0395336714338478,15.339064516332945,30.0,555.0,3859.96
SP → SE,108,16.0,0.13382607769538984,14.453216391102103,18.0,99.0,5192.34
PR → MG,331,10.0,0.03170865511398832,10.495564842730134,22.0,488.0,3837.51
MG → SC,152,10.0,0.06470777875005757,9.83558237000875,6.0,101.0,840.84
PR → BA,78,11.0,0.12377283617357043,9.654281221538493,10.0,65.0,3156.0699999999997
PR → SC,168,9.0,0.05388158481388246,9.052106248732253,12.0,220.0,1546.6200000000001
RS → RJ,117,9.0,0.07393969302926935,8.650944084424514,8.0,123.0,2330.44
RJ → MG,227,7.0,0.032913918805708105,7.47145956889574,26.0,318.0,3926.38
RJ → RS,88,8.0,0.08453461060194353,7.439045732971031,9.0,110.0,1188.93
SC → MG,204,7.0,0.036293472968794205,7.403868485634018,8.0,221.0,1460.69
PR → RS,238,6.0,0.027634643197712798,6.577045081055646,18.0,342.0,1742.67
MG → RS,165,6.0,0.038539124027080554,6.358955464468291,6.0,110.0,1017.74
MG → DF,102,6.0,0.05844047495909756,5.960928445827951,0.0,84.0,0.0
SP → MS,179,5.0,0.030802703241255787,5.513683880184786,54.0,297.0,9350.54
ES → SP,62,6.0,0.08694802371963295,5.390777470617243,2.0,38.0,657.95
SC → PR,142,5.0,0.03783788854944384,5.372980174021025,2.0,141.0,601.97
MG → ES,104,5.0,0.0494333705242734,5.141070534524434,3.0,68.0,1147.16
MG → CE,45,6.0,0.10968827607707542,4.935972423468394,3.0,28.0,732.31
RS → SP,312,4.0,0.01545101790665633,4.820717586876775,4.0,352.0,2474.36
PR → PR,274,4.0,0.017448088248333,4.780776180043242,15.0,433.0,2306.71
MG → PE,59,5.0,0.07759161955708736,4.577905553868154,3.0,50.0,428.46000000000004
SC → SC,117,4.0,0.03744334266430585,4.380871091723785,7.0,139.0,1312.43
BA → SP,89,4.0,0.04706181600926516,4.188501624824599,1.0,47.0,195.54
PR → CE,35,5.0,0.11144978081836185,3.900742328642665,4.0,28.0,963.5999999999999
MG → MA,34,5.0,0.11351366564833151,3.8594646320432715,4.0,29.0,3026.08
PR → ES,56,4.0,0.06749655190802502,3.779806906849401,5.0,51.0,7699.44
MG → PB,30,5.0,0.12259475890019804,3.677842767005941,1.0,18.0,151.70000000000002
MG → PA,49,4.0,0.07434402818854931,3.6428573812389162,5.0,35.0,1380.19
SC → RS,148,3.0,0.024581773482201797,3.638102475365866,11.0,142.0,2387.66
SC → BA,41,4.0,0.08409406467229347,3.4478566515640323,5.0,37.0,2824.96
BA → BA,41,4.0,0.08409406467229347,3.4478566515640323,1.0,25.0,209.52
RJ → CE,25,5.0,0.13621639877799782,3.4054099694499453,6.0,27.0,1547.77
ES → RJ,39,4.0,0.08694471093237122,3.3908437263624776,1.0,20.0,1642.54
SP → TO,91,3.0,0.03720484635144056,3.3856410179810905,18.0,107.0,4863.36
MG → GO,90,3.0,0.03754307222736274,3.378876500462647,1.0,59.0,277.48
RJ → BA,59,3.0,0.052275163860884835,3.0842346677922055,12.0,76.0,2416.92
DF → RJ,46,3.0,0.06257178704560458,2.878302204097811,4.0,50.0,508.57
MG → PR,184,2.0,0.015341852671617166,2.8229008915775586,2.0,178.0,631.49
PR → PE,43,3.0,0.06555139595253813,2.8187100259591396,6.0,43.0,1644.36
PR → PB,23,4.0,0.11929623127930004,2.743813319423901,1.0,17.0,353.27
RS → RS,137,2.0,0.019934636592419758,2.7310452131615066,6.0,149.0,1143.02
SP → RO,94,2.0,0.027453841622893875,2.5806611125520242,3.0,75.0,381.62
RJ → PR,71,2.0,0.03439272467043848,2.4418834516011323,15.0,130.0,3889.87
MG → SE,27,3.0,0.08786676478744472,2.3724026492610073,1.0,8.0,122.33000000000001
PR → SE,17,4.0,0.1386415660813487,2.356906623382928,0.0,4.0,0.0
PR → AL,16,4.0,0.1424927206947195,2.279883531115512,7.0,19.0,4053.1
PR → MA,24,3.0,0.09385768056840686,2.2525843336417646,4.0,16.0,1376.2
RJ → SC,44,2.0,0.04890215539077972,2.1516948371943077,9.0,67.0,1272.79
RJ → DF,40,2.0,0.05216229908349836,2.0864919633399346,6.0,57.0,1752.89
MG → AL,20,3.0,0.10324344862524755,2.064868972504951,3.0,15.0,390.90000000000003
PR → PA,31,2.0,0.061367410686468664,1.9023897312805287,4.0,22.0,927.79
DF → SP,145,1.0,0.012907502697029708,1.8715878910693076,6.0,162.0,456.25
PR → MT,29,2.0,0.06387220295938575,1.852293885822187,1.0,31.0,141.14
SP → RR,16,3.0,0.11471494291694172,1.8354390866710675,2.0,16.0,847.8700000000001
MG → MT,28,2.0,0.06520287385437296,1.8256804679224428,2.0,23.0,1080.3700000000001
RS → BA,26,2.0,0.06803778141325874,1.7689823167447272,4.0,16.0,1998.78
RS → MG,91,1.0,0.01918682833342254,1.746001378341451,2.0,96.0,268.31
SC → PE,23,2.0,0.0727846033723233,1.674045877563436,0.0,15.0,0.0
PR → MS,22,2.0,0.07451757011928338,1.6393865426242344,0.0,33.0,0.0
GO → SP,58,1.0,0.027304332628332074,1.5836512924432604,1.0,67.0,309.32
RS → PR,57,1.0,0.027658934350777948,1.576559257994343,6.0,83.0,1029.26
PR → DF,57,1.0,0.027658934350777948,1.576559257994343,3.0,90.0,1069.8600000000001
DF → BA,20,2.0,0.07824344862524754,1.564868972504951,0.0,15.0,0.0
BA → RJ,54,1.0,0.02878024250013381,1.5541330950072259,3.0,29.0,658.47
SP → AP,18,2.0,0.08236152486868163,1.4825074476362694,0.0,31.0,0.0
RJ → ES,45,1.0,0.03276519915399849,1.474433961929932,1.0,54.0,149.7
DF → DF,17,2.0,0.08458751202729464,1.437987704464009,0.0,33.0,0.0
SP → AC,40,1.0,0.0354956324168317,1.419825296673268,1.0,17.0,102.57
RJ → GO,40,1.0,0.0354956324168317,1.419825296673268,5.0,65.0,658.34
PR → GO,39,1.0,0.036097253305252576,1.4077928789048504,3.0,47.0,1050.51
RJ → PE,31,1.0,0.04175956754921376,1.2945465940256267,8.0,59.0,2234.84
SC → CE,14,2.0,0.09205111602970299,1.288715624415842,2.0,8.0,1061.4
SC → GO,30,1.0,0.04259475890019804,1.2778427670059411,2.0,26.0,2302.2
BA → CE,13,2.0,0.09484054378817884,1.232927069246325,0.0,1.0,0.0
RS → DF,25,1.0,0.04732750988910893,1.1831877472277232,0.0,22.0,0.0
RJ → MT,11,2.0,0.10095928854870652,1.1105521740357718,0.0,18.0,0.0
BA → PE,20,1.0,0.05324344862524755,1.064868972504951,1.0,12.0,754.16
RJ → PA,19,1.0,0.05460866525666415,1.0375646398766187,1.0,18.0,328.15
SC → MS,18,1.0,0.056045735394997416,1.0088232371099535,0.0,13.0,0.0
RJ → MS,15,1.0,0.06084965557171148,0.9127448335756722,2.0,18.0,598.51
RS → PE,8,2.0,0.11177635517892506,0.8942108414314005,0.0,9.0,0.0
RS → MA,8,2.0,0.11177635517892506,0.8942108414314005,2.0,5.0,775.34
SC → SE,14,1.0,0.06263935132382065,0.876950918533489,0.0,1.0,0.0
BA → RS,14,1.0,0.06263935132382065,0.876950918533489,0.0,8.0,0.0
DF → MG,59,0.0,0.014300480316581037,0.8437283386782811,1.0,42.0,38.99
RS → SC,59,0.0,0.014300480316581037,0.8437283386782811,0.0,57.0,0.0
SC → MT,13,1.0,0.06453751348514854,0.838987675306931,2.0,13.0,869.6500000000001
GO → DF,13,1.0,0.06453751348514854,0.838987675306931,1.0,15.0,60.699999999999996
PR → RN,7,2.0,0.11591622018555192,0.8114135412988634,1.0,12.0,69.28
BA → RN,7,2.0,0.11591622018555192,0.8114135412988634,0.0,2.0,0.0
SP → AM,49,0.0,0.01637301369579568,0.8022776710939883,3.0,50.0,765.0000000000001
ES → RS,12,1.0,0.06655431078155943,0.7986517293787132,1.0,7.0,167.2
SC → DF,41,0.0,0.018520294180490195,0.759332061400098,0.0,28.0,0.0
MG → MS,36,0.0,0.02017389187517682,0.7262601075063655,3.0,26.0,553.47
BA → MG,36,0.0,0.02017389187517682,0.7262601075063655,0.0,15.0,0.0
SC → ES,34,0.0,0.020921073055738922,0.7113164838951234,2.0,18.0,425.91
PR → TO,10,1.0,0.0709912648336634,0.709912648336634,1.0,5.0,91.2
DF → RS,10,1.0,0.0709912648336634,0.709912648336634,2.0,12.0,174.07999999999998
SC → MA,10,1.0,0.0709912648336634,0.709912648336634,3.0,9.0,397.19
GO → MG,31,0.0,0.02215172441195886,0.6867034567707246,0.0,52.0,0.0
ES → MG,29,0.0,0.02305587642877351,0.6686204164344318,0.0,15.0,0.0
RS → CE,9,1.0,0.07343923948310006,0.6609531553479006,0.0,3.0,0.0
RJ → SE,9,1.0,0.07343923948310006,0.6609531553479006,2.0,9.0,249.69
GO → RJ,25,0.0,0.02510528766688671,0.6276321916721678,3.0,31.0,457.59
DF → ES,8,1.0,0.07606206946463935,0.6084965557171148,3.0,11.0,986.3
BA → PR,8,1.0,0.07606206946463935,0.6084965557171148,0.0,2.0,0.0
MT → RJ,8,1.0,0.07606206946463935,0.6084965557171148,0.0,5.0,0.0
RS → GO,20,0.0,0.028243448625247546,0.5648689725049509,0.0,3.0,0.0
RJ → RN,7,1.0,0.07887918314851489,0.5521542820396041,2.0,15.0,263.96000000000004
ES → SC,7,1.0,0.07887918314851489,0.5521542820396041,0.0,5.0,0.0
SC → PI,7,1.0,0.07887918314851489,0.5521542820396041,1.0,12.0,99.55
DF → SC,7,1.0,0.07887918314851489,0.5521542820396041,3.0,13.0,232.45999999999998
DF → PR,17,0.0,0.030533457973240592,0.5190687855450901,0.0,10.0,0.0
MG → RN,16,0.0,0.03138160958360839,0.5021057533377342,0.0,13.0,0.0
GO → PR,6,1.0,0.08191299788499623,0.4914779873099774,0.0,3.0,0.0
CE → PE,6,1.0,0.08191299788499623,0.4914779873099774,0.0,1.0,0.0
RJ → TO,6,1.0,0.08191299788499623,0.4914779873099774,0.0,7.0,0.0
RJ → PI,6,1.0,0.08191299788499623,0.4914779873099774,2.0,16.0,189.06
MG → PI,15,0.0,0.03227822700028291,0.48417340500424366,1.0,17.0,220.82
DF → GO,13,0.0,0.03423448318211824,0.4450482813675371,0.0,17.0,0.0
GO → SC,5,1.0,0.08518951780039608,0.4259475890019804,0.0,5.0,0.0
BA → PB,5,1.0,0.08518951780039608,0.4259475890019804,0.0,5.0,0.0
PE → RS,5,1.0,0.08518951780039608,0.4259475890019804,1.0,8.0,186.5
RJ → RO,5,1.0,0.08518951780039608,0.4259475890019804,1.0,8.0,143.34
DF → PB,5,1.0,0.08518951780039608,0.4259475890019804,1.0,3.0,124.13
ES → ES,5,1.0,0.08518951780039608,0.4259475890019804,1.0,2.0,465.69
GO → PE,5,1.0,0.08518951780039608,0.4259475890019804,1.0,5.0,77.89
RJ → AL,5,1.0,0.08518951780039608,0.4259475890019804,1.0,8.0,141.02
RS → ES,12,0.0,0.035304310781559434,0.4236517293787132,1.0,12.0,60.3
MT → SP,12,0.0,0.035304310781559434,0.4236517293787132,1.0,19.0,147.39
RS → MS,11,0.0,0.03644315951644845,0.4008747546809329,0.0,5.0,0.0
ES → BA,11,0.0,0.03644315951644845,0.4008747546809329,0.0,12.0,0.0
SC → PA,11,0.0,0.03644315951644845,0.4008747546809329,2.0,7.0,841.0799999999999
BA → DF,11,0.0,0.03644315951644845,0.4008747546809329,0.0,4.0,0.0
BA → MA,11,0.0,0.03644315951644845,0.4008747546809329,1.0,5.0,307.24
RS → PA,11,0.0,0.03644315951644845,0.4008747546809329,1.0,9.0,100.26
CE → SP,11,0.0,0.03644315951644845,0.4008747546809329,1.0,11.0,543.29
SC → PB,10,0.0,0.03765793150033006,0.3765793150033006,3.0,8.0,446.38
MS → SP,10,0.0,0.03765793150033006,0.3765793150033006,1.0,6.0,191.89000000000001
RN → RN,10,0.0,0.03765793150033006,0.3765793150033006,0.0,11.0,0.0
RS → MT,10,0.0,0.03765793150033006,0.3765793150033006,1.0,12.0,72.84
PR → PI,10,0.0,0.03765793150033006,0.3765793150033006,0.0,15.0,0.0
PR → RO,10,0.0,0.03765793150033006,0.3765793150033006,0.0,8.0,0.0
RS → SE,4,1.0,0.08873908104207924,0.35495632416831696,0.0,4.0,0.0
MG → RO,9,0.0,0.03895648086241041,0.3506083277616937,0.0,5.0,0.0
ES → PR,9,0.0,0.03895648086241041,0.3506083277616937,0.0,6.0,0.0
MG → AM,9,0.0,0.03895648086241041,0.3506083277616937,0.0,4.0,0.0
SC → TO,9,0.0,0.03895648086241041,0.3506083277616937,0.0,2.0,0.0
SC → AL,9,0.0,0.03895648086241041,0.3506083277616937,0.0,2.0,0.0
BA → SC,9,0.0,0.03895648086241041,0.3506083277616937,1.0,4.0,1069.22
DF → MT,8,0.0,0.04034778375035364,0.3227822700028291,1.0,4.0,100.69999999999999
SC → RN,8,0.0,0.04034778375035364,0.3227822700028291,1.0,6.0,280.59000000000003
MS → RJ,8,0.0,0.04034778375035364,0.3227822700028291,0.0,1.0,0.0
MT → MG,8,0.0,0.04034778375035364,0.3227822700028291,0.0,12.0,0.0
PE → SP,8,0.0,0.04034778375035364,0.3227822700028291,2.0,96.0,359.54
MG → TO,8,0.0,0.04034778375035364,0.3227822700028291,2.0,8.0,516.62
GO → GO,7,0.0,0.041842146111477845,0.2928950227803449,0.0,24.0,0.0
GO → RS,7,0.0,0.041842146111477845,0.2928950227803449,1.0,3.0,81.91
GO → PB,3,1.0,0.09259730195695226,0.2777919058708568,0.0,4.0,0.0
RN → PR,3,1.0,0.09259730195695226,0.2777919058708568,0.0,1.0,0.0
RN → BA,3,1.0,0.09259730195695226,0.2777919058708568,0.0,1.0,0.0
DF → RN,3,1.0,0.09259730195695226,0.2777919058708568,1.0,3.0,47.74
DF → PA,6,0.0,0.04345145942345777,0.2607087565407466,0.0,5.0,0.0
GO → BA,6,0.0,0.04345145942345777,0.2607087565407466,0.0,2.0,0.0
RS → PI,6,0.0,0.04345145942345777,0.2607087565407466,0.0,5.0,0.0
RJ → PB,6,0.0,0.04345145942345777,0.2607087565407466,0.0,18.0,0.0
MT → PR,6,0.0,0.04345145942345777,0.2607087565407466,0.0,2.0,0.0
GO → CE,6,0.0,0.04345145942345777,0.2607087565407466,0.0,6.0,0.0
MG → AC,6,0.0,0.04345145942345777,0.2607087565407466,0.0,4.0,0.0
SC → RO,6,0.0,0.04345145942345777,0.2607087565407466,0.0,3.0,0.0
BA → PA,6,0.0,0.04345145942345777,0.2607087565407466,1.0,2.0,859.02
GO → MA,5,0.0,0.045189517800396074,0.22594758900198036,0.0,4.0,0.0
GO → MT,5,0.0,0.045189517800396074,0.22594758900198036,0.0,4.0,0.0
RS → RN,5,0.0,0.045189517800396074,0.22594758900198036,0.0,3.0,0.0
BA → AL,5,0.0,0.045189517800396074,0.22594758900198036,0.0,4.0,0.0
ES → MT,5,0.0,0.045189517800396074,0.22594758900198036,0.0,1.0,0.0
DF → CE,5,0.0,0.045189517800396074,0.22594758900198036,4.0,9.0,606.99
MT → GO,5,0.0,0.045189517800396074,0.22594758900198036,0.0,5.0,0.0
RJ → MA,5,0.0,0.045189517800396074,0.22594758900198036,3.0,22.0,370.19
RO → SP,5,0.0,0.045189517800396074,0.22594758900198036,0.0,2.0,0.0
RS → AL,5,0.0,0.045189517800396074,0.22594758900198036,0.0,5.0,0.0
PE → CE,5,0.0,0.045189517800396074,0.22594758900198036,1.0,12.0,55.1
PR → AM,5,0.0,0.045189517800396074,0.22594758900198036,0.0,6.0,0.0
BA → PI,5,0.0,0.045189517800396074,0.22594758900198036,0.0,4.0,0.0
BA → GO,5,0.0,0.045189517800396074,0.22594758900198036,0.0,3.0,0.0
RN → CE,2,1.0,0.09680627022772281,0.19361254045544563,0.0,1.0,0.0
DF → SE,2,1.0,0.09680627022772281,0.19361254045544563,0.0,1.0,0.0
BA → ES,4,0.0,0.047072414375412576,0.1882896575016503,0.0,7.0,0.0
PA → SP,4,0.0,0.047072414375412576,0.1882896575016503,0.0,2.0,0.0
PE → PE,4,0.0,0.047072414375412576,0.1882896575016503,1.0,19.0,159.68
DF → PE,4,0.0,0.047072414375412576,0.1882896575016503,0.0,6.0,0.0
DF → PI,4,0.0,0.047072414375412576,0.1882896575016503,2.0,4.0,124.56
RS → AM,4,0.0,0.047072414375412576,0.1882896575016503,0.0,1.0,0.0
RS → RO,4,0.0,0.047072414375412576,0.1882896575016503,0.0,6.0,0.0
BA → SE,4,0.0,0.047072414375412576,0.1882896575016503,0.0,4.0,0.0
PB → SP,4,0.0,0.047072414375412576,0.1882896575016503,0.0,4.0,0.0
DF → MS,4,0.0,0.047072414375412576,0.1882896575016503,0.0,3.0,0.0
GO → PA,4,0.0,0.047072414375412576,0.1882896575016503,0.0,5.0,0.0
RS → PB,4,0.0,0.047072414375412576,0.1882896575016503,0.0,4.0,0.0
MT → DF,3,0.0,0.04911904108738704,0.1473571232621611,0.0,3.0,0.0
PB → RJ,3,0.0,0.04911904108738704,0.1473571232621611,1.0,6.0,1394.77
RN → SP,3,0.0,0.04911904108738704,0.1473571232621611,0.0,2.0,0.0
GO → AL,3,0.0,0.04911904108738704,0.1473571232621611,0.0,3.0,0.0
MT → BA,3,0.0,0.04911904108738704,0.1473571232621611,0.0,1.0,0.0
PE → RJ,3,0.0,0.04911904108738704,0.1473571232621611,3.0,39.0,524.47
MT → MA,3,0.0,0.04911904108738704,0.1473571232621611,0.0,0.0,0.0
CE → MG,3,0.0,0.04911904108738704,0.1473571232621611,0.0,0.0,0.0
CE → BA,3,0.0,0.04911904108738704,0.1473571232621611,0.0,0.0,0.0
PE → MG,3,0.0,0.04911904108738704,0.1473571232621611,0.0,57.0,0.0
PE → GO,3,0.0,0.04911904108738704,0.1473571232621611,0.0,9.0,0.0
CE → CE,3,0.0,0.04911904108738704,0.1473571232621611,0.0,6.0,0.0
BA → MT,3,0.0,0.04911904108738704,0.1473571232621611,0.0,2.0,0.0
SC → AP,3,0.0,0.04911904108738704,0.1473571232621611,0.0,1.0,0.0
RN → RS,3,0.0,0.04911904108738704,0.1473571232621611,1.0,1.0,330.12
MS → PR,3,0.0,0.04911904108738704,0.1473571232621611,0.0,0.0,0.0
RS → AP,3,0.0,0.04911904108738704,0.1473571232621611,0.0,0.0,0.0
GO → ES,3,0.0,0.04911904108738704,0.1473571232621611,0.0,2.0,0.0
ES → PE,3,0.0,0.04911904108738704,0.1473571232621611,0.0,3.0,0.0
DF → MA,3,0.0,0.04911904108738704,0.1473571232621611,0.0,5.0,0.0
RS → TO,2,0.0,0.05135172477317736,0.10270344954635471,0.0,2.0,0.0
RO → RJ,2,0.0,0.05135172477317736,0.10270344954635471,0.0,0.0,0.0
DF → AL,2,0.0,0.05135172477317736,0.10270344954635471,0.0,2.0,0.0
ES → CE,2,0.0,0.05135172477317736,0.10270344954635471,0.0,1.0,0.0
GO → MS,2,0.0,0.05135172477317736,0.10270344954635471,0.0,6.0,0.0
ES → TO,2,0.0,0.05135172477317736,0.10270344954635471,0.0,0.0,0.0
MG → RR,2,0.0,0.05135172477317736,0.10270344954635471,0.0,0.0,0.0
RN → RJ,2,0.0,0.05135172477317736,0.10270344954635471,0.0,0.0,0.0
MS → DF,2,0.0,0.05135172477317736,0.10270344954635471,0.0,2.0,0.0
MT → SC,2,0.0,0.05135172477317736,0.10270344954635471,0.0,3.0,0.0
BA → AP,2,0.0,0.05135172477317736,0.10270344954635471,0.0,0.0,0.0
SC → AM,2,0.0,0.05135172477317736,0.10270344954635471,0.0,2.0,0.0
ES → PA,2,0.0,0.05135172477317736,0.10270344954635471,1.0,1.0,283.62
PE → BA,2,0.0,0.05135172477317736,0.10270344954635471,0.0,24.0,0.0
CE → PR,2,0.0,0.05135172477317736,0.10270344954635471,0.0,2.0,0.0
MT → RS,2,0.0,0.05135172477317736,0.10270344954635471,0.0,4.0,0.0
MT → PE,2,0.0,0.05135172477317736,0.10270344954635471,3.0,4.0,603.76
RJ → AM,2,0.0,0.05135172477317736,0.10270344954635471,0.0,6.0,0.0
MT → ES,2,0.0,0.05135172477317736,0.10270344954635471,0.0,0.0,0.0
CE → RJ,2,0.0,0.05135172477317736,0.10270344954635471,1.0,8.0,87.77
CE → SC,2,0.0,0.05135172477317736,0.10270344954635471,0.0,0.0,0.0
SE → SP,2,0.0,0.05135172477317736,0.10270344954635471,0.0,0.0,0.0
MT → PA,2,0.0,0.05135172477317736,0.10270344954635471,0.0,1.0,0.0
CE → MT,2,0.0,0.05135172477317736,0.10270344954635471,0.0,0.0,0.0
BA → RO,2,0.0,0.05135172477317736,0.10270344954635471,0.0,0.0,0.0
BA → AC,1,1.0,0.10141609261951914,0.10141609261951914,0.0,0.0,0.0
CE → AM,1,1.0,0.10141609261951914,0.10141609261951914,0.0,0.0,0.0
PE → SC,1,1.0,0.10141609261951914,0.10141609261951914,0.0,8.0,0.0
AM → AL,1,1.0,0.10141609261951914,0.10141609261951914,0.0,0.0,0.0
PA → PR,1,0.0,0.05379704500047152,0.05379704500047152,0.0,0.0,0.0
PB → MA,1,0.0,0.05379704500047152,0.05379704500047152,0.0,0.0,0.0
PB → DF,1,0.0,0.05379704500047152,0.05379704500047152,0.0,0.0,0.0
PB → BA,1,0.0,0.05379704500047152,0.05379704500047152,0.0,1.0,0.0
MT → MS,1,0.0,0.05379704500047152,0.05379704500047152,0.0,4.0,0.0
MT → PB,1,0.0,0.05379704500047152,0.05379704500047152,0.0,1.0,0.0
MT → MT,1,0.0,0.05379704500047152,0.05379704500047152,0.0,5.0,0.0
PE → PR,1,0.0,0.05379704500047152,0.05379704500047152,1.0,8.0,100.41
PE → MS,1,0.0,0.05379704500047152,0.05379704500047152,0.0,1.0,0.0
PA → MG,1,0.0,0.05379704500047152,0.05379704500047152,0.0,0.0,0.0
MT → RN,1,0.0,0.05379704500047152,0.05379704500047152,0.0,0.0,0.0
MT → RO,1,0.0,0.05379704500047152,0.05379704500047152,0.0,1.0,0.0
PR → AC,1,0.0,0.05379704500047152,0.05379704500047152,0.0,0.0,0.0
PE → PA,1,0.0,0.05379704500047152,0.05379704500047152,0.0,4.0,0.0
PR → AP,1,0.0,0.05379704500047152,0.05379704500047152,0.0,1.0,0.0
CE → PI,1,0.0,0.05379704500047152,0.05379704500047152,1.0,2.0,44.1
SE → PE,1,0.0,0.05379704500047152,0.05379704500047152,0.0,1.0,0.0
SE → RJ,1,0.0,0.05379704500047152,0.05379704500047152,0.0,0.0,0.0
BA → TO,1,0.0,0.05379704500047152,0.05379704500047152,0.0,1.0,0.0
CE → ES,1,0.0,0.05379704500047152,0.05379704500047152,0.0,2.0,0.0
CE → MS,1,0.0,0.05379704500047152,0.05379704500047152,0.0,0.0,0.0
SE → PA,1,0.0,0.05379704500047152,0.05379704500047152,0.0,0.0,0.0
CE → RO,1,0.0,0.05379704500047152,0.05379704500047152,0.0,0.0,0.0
PE → ES,1,0.0,0.05379704500047152,0.05379704500047152,0.0,16.0,0.0
SE → PR,1,0.0,0.05379704500047152,0.05379704500047152,0.0,0.0,0.0
MS → SC,1,0.0,0.05379704500047152,0.05379704500047152,0.0,0.0,0.0
RJ → AC,1,0.0,0.05379704500047152,0.05379704500047152,0.0,0.0,0.0
RJ → AP,1,0.0,0.05379704500047152,0.05379704500047152,0.0,0.0,0.0
PB → MG,1,0.0,0.05379704500047152,0.05379704500047152,0.0,1.0,0.0
ES → RO,1,0.0,0.05379704500047152,0.05379704500047152,0.0,0.0,0.0
ES → PI,1,0.0,0.05379704500047152,0.05379704500047152,0.0,1.0,0.0
MS → RS,1,0.0,0.05379704500047152,0.05379704500047152,0.0,0.0,0.0
MS → MT,1,0.0,0.05379704500047152,0.05379704500047152,0.0,1.0,0.0
ES → RN,1,0.0,0.05379704500047152,0.05379704500047152,0.0,0.0,0.0
MS → GO,1,0.0,0.05379704500047152,0.05379704500047152,0.0,0.0,0.0
MS → BA,1,0.0,0.05379704500047152,0.05379704500047152,2.0,2.0,426.77
RS → AC,1,0.0,0.05379704500047152,0.05379704500047152,0.0,1.0,0.0
MS → AC,1,0.0,0.05379704500047152,0.05379704500047152,0.0,0.0,0.0
RO → SE,1,0.0,0.05379704500047152,0.05379704500047152,0.0,0.0,0.0
PB → PE,1,0.0,0.05379704500047152,0.05379704500047152,0.0,1.0,0.0
RN → SC,1,0.0,0.05379704500047152,0.05379704500047152,0.0,0.0,0.0
RO → BA,1,0.0,0.05379704500047152,0.05379704500047152,0.0,0.0,0.0
RO → PR,1,0.0,0.05379704500047152,0.05379704500047152,0.0,0.0,0.0
RO → RS,1,0.0,0.05379704500047152,0.05379704500047152,0.0,0.0,0.0
PB → PA,1,0.0,0.05379704500047152,0.05379704500047152,0.0,0.0,0.0
PB → MT,1,0.0,0.05379704500047152,0.05379704500047152,0.0,0.0,0.0
RN → PA,1,0.0,0.05379704500047152,0.05379704500047152,0.0,0.0,0.0
RN → PB,1,0.0,0.05379704500047152,0.05379704500047152,0.0,0.0,0.0
PB → PB,1,0.0,0.05379704500047152,0.05379704500047152,0.0,0.0,0.0
MS → MG,1,0.0,0.05379704500047152,0.05379704500047152,0.0,2.0,0.0
GO → RO,1,0.0,0.05379704500047152,0.05379704500047152,0.0,0.0,0.0
DF → AC,1,0.0,0.05379704500047152,0.05379704500047152,0.0,0.0,0.0
DF → TO,1,0.0,0.05379704500047152,0.05379704500047152,1.0,4.0,44.17
GO → RN,1,0.0,0.05379704500047152,0.05379704500047152,0.0,0.0,0.0
ES → GO,1,0.0,0.05379704500047152,0.05379704500047152,0.0,2.0,0.0
ES → DF,1,0.0,0.05379704500047152,0.05379704500047152,0.0,0.0,0.0
SC → AC,1,0.0,0.05379704500047152,0.05379704500047152,0.0,3.0,0.0
BA → AM,1,0.0,0.05379704500047152,0.05379704500047152,0.0,0.0,0.0
AM → MG,1,0.0,0.05379704500047152,0.05379704500047152,0.0,0.0,0.0
AM → MA,1,0.0,0.05379704500047152,0.05379704500047152,0.0,0.0,0.0
