shift,mean_promise,late_rate
-20,5.872046535422627,0.8174204672489911
-19,6.494287284233662,0.7918979858650549
-18,7.153305417132463,0.7640449438202247
-17,7.8502946359209504,0.7338234458192016
-16,8.584118081740153,0.6984860829528015
-15,9.351914659794986,0.6509843302953938
-14,10.155162286602119,0.5849328305890824
-13,10.989105102601512,0.5302499194724974
-12,11.854785228413892,0.485362942190727
-11,12.746025730905508,0.44221914849271465
-10,13.660628682949012,0.39818481535517364
-9,14.590958182541637,0.3529757280633609
-8,15.540709020975045,0.30253709002027396
-7,16.502472668018264,0.2498247342592417
-6,17.47859863197984,0.2056009246452053
-5,18.460522576122173,0.17740682494268337
-4,19.448036076321124,0.15379805597135116
-3,20.441745457301476,0.13227352824146882
-2,21.438126456600415,0.11296587528658317
-1,22.438126456600415,0.09367716997934707
0,23.438126456600415,0.07726850711484169
1,24.438126456600415,0.06773784034712091
2,25.438126456600415,0.06131458779392539
3,26.438126456600415,0.05517554995547303
4,27.438126456600415,0.04964283684180609
5,28.438126456600415,0.04405328078519052
6,29.438126456600415,0.03889952062451447
7,30.438126456600415,0.033461545749095246
8,31.438126456600415,0.02923622032324687
9,32.438126456600415,0.026450916118763854
10,33.438126456600415,0.023855088390776286
