term,z,late_docs,ontime_docs
do prazo,-18.82233459297902,160,5217
recomendo,-14.57149023026427,186,4017
prazo,-13.696876062881051,568,7446
qualidade,-13.611018603113118,71,2632
veio,-13.283562842518316,101,2808
otimo,-12.96547018544484,56,2327
excelente,-11.311943604868194,29,1714
super,-10.85583064261167,33,1597
rapida,-10.784944340939061,15,1649
produto chegou,-9.908508437136733,42,1434
gostei,-9.833705801391597,76,1747
dentro,-9.475553915588408,45,1371
rapido,-9.355324774163327,21,1175
chegou antes,-9.225269668816459,8,1308
otima,-9.071989875435445,23,1116
produto de,-9.053232215144206,31,1164
parabens,-8.853189415716482,17,1051
dentro do,-8.715732217122957,39,1169
produto entregue,-7.9218134304312935,17,849
embalado,-7.552479264417049,14,767
perfeito,-7.523686767911379,34,919
adorei,-7.375117909228552,8,754
otimo produto,-7.361260894837495,11,728
certo,-7.328211002736917,30,850
entrega rapida,-7.302004894963759,6,781
bem embalado,-6.871604712939217,11,634
entregue antes,-6.710698058405655,5,662
ok,-6.696066022842463,22,681
amei,-6.661736291871237,5,650
conforme,-6.659830740352096,37,824
super recomendo,-6.5209469393503205,13,583
otima qualidade,-6.520128361982719,10,571
previsto,-6.485778804941866,38,811
gostei muito,-6.45557303642237,18,611
produto muito,-6.4424559933842485,19,618
preco,-6.392318728837813,14,570
chegou,-6.313326814948418,477,4679
satisfeita,-6.3072875476292225,25,657
satisfeito,-6.226038104129359,16,562
produto veio,-6.181861556202648,24,631
lindo,-6.146780982912142,18,569
tudo certo,-6.037462404706746,11,499
de qualidade,-5.960565816375651,11,488
chegou bem,-5.753296312149381,3,515
de otima,-5.743960039281485,7,443
bonito,-5.623861339751539,12,450
entrega antes,-5.586553704879538,4,444
material,-5.5673560415601715,15,469
obrigado,-5.551207305801615,14,458
foto,-5.53047075402358,16,474
prazo produto,-5.50505146281676,7,407
apenas,-5.472333504774998,43,738
bom produto,-5.470049465954573,11,423
no prazo,-5.462662912138857,136,1608
obrigada,-5.424462511665445,10,410
veio com,-5.422389541214852,18,481
boa qualidade,-5.386678158326165,15,448
anuncio,-5.330028354839841,8,386
expectativas,-5.310186115835521,12,412
produto bom,-5.304780129686017,11,403
esperado,-5.303033952983372,13,420
cor,-5.287829298792194,11,401
correto,-5.246696372153,23,512
embalagem,-5.205403293825787,13,409
relogio,-5.163604904974959,21,483
certinho,-5.153838030970442,16,432
defeito,-5.146901311351047,7,358
do previsto,-4.983725182922075,3,358
achei,-4.95116653568531,27,522
original,-4.946412560655617,7,333
entrega super,-4.925365244016246,5,326
melhor,-4.872638459872405,17,413
anunciado,-4.827955651396042,7,319
entrega foi,-4.757944977014153,29,523
condicoes,-4.705774152849371,9,320
tudo ok,-4.699404465756269,10,328
troca,-4.6935430982061135,12,346
caixa,-4.572359795463599,15,364
corretamente,-4.566450511206098,6,284
excelente produto,-4.546256045466855,5,278
com defeito,-4.511912062696866,6,278
atendimento,-4.49890948132597,41,616
gostei do,-4.495120311209928,12,327
nota,-4.4734135749000234,45,652
esperava,-4.459610521851923,18,384
fiquei,-4.453986173390487,22,424
comprar,-4.389691094618288,60,785
super rapida,-4.367228322580367,1,355
prazo previsto,-4.3530160397918065,14,334
diferente,-4.3444576438548115,20,394
linda,-4.341457065024216,6,260
de parabens,-4.333725772516473,5,254
produto excelente,-4.319721266303975,2,277
pouco,-4.30720653796888,24,431
recomendo todos,-4.277034545954674,3,250
errado,-4.2371447015402515,15,334
faltando,-4.228087275849657,12,303
atendeu,-4.218969711859779,9,273
um pouco,-4.217964794288662,20,383
prazo recomendo,-4.1990371593967595,2,258
muito satisfeita,-4.181020712978848,11,289
so recebi,-4.167229543534602,10,278
produto otimo,-4.15190491682541,5,235
eu recomendo,-4.1463813086703505,12,296
estado,-4.146262019538595,24,417
facil,-4.138597696854421,6,240
tamanho,-4.138597696854421,6,240
entregue dentro,-4.091647379785922,5,229
minhas expectativas,-4.0852341788467665,3,226
muito satisfeito,-4.0812400776679905,4,224
chegou muito,-4.060022332795932,3,223
acordo,-4.0345105399166314,3,220
de acordo,-4.000013685415771,3,216
porem,-3.992339027202445,94,1049
combinado,-3.974220317110208,14,302
muito rapido,-3.9464714864834525,1,271
perfeitas,-3.9125570531297065,5,212
exatamente,-3.890773453452167,11,265
descricao,-3.876973223761567,12,274
rapidez,-3.8514828424298426,2,209
recebi antes,-3.8359405341616424,2,207
excelente qualidade,-3.8322416025623944,4,199
rapida produto,-3.823199727242232,1,249
nao veio,-3.809230128281137,14,289
pedi,-3.7957994420273247,24,388
tudo certinho,-3.7885553521478395,2,201
funciona,-3.7632644945051066,10,245
satisfeita com,-3.7492238991621103,11,254
perfeitas condicoes,-3.742988227119657,5,197
prazo em,-3.741269750204366,3,188
recebi apenas,-3.7370077529171284,9,233
acordo com,-3.73176058173008,2,194
produto entrega,-3.7239931836222326,10,242
eu esperava,-3.7162976727413035,7,212
do esperado,-3.7134076237092972,4,188
faltou,-3.7115317195644133,3,185
em perfeitas,-3.6957183394525805,5,193
prazo muito,-3.6493414073963644,1,220
muito bonito,-3.647565356707288,2,184
na foto,-3.6343763593568377,4,181
bonita,-3.6112728150362337,4,179
produto correto,-3.603787007282572,6,194
parece,-3.596117622503783,14,273
produto bem,-3.5643337063044673,4,175
acabamento,-3.5631734265742563,9,220
produto conforme,-3.5461998995594484,7,199
perfeito estado,-3.5252679225931716,17,298
custo,-3.509809718307926,5,178
prazo tudo,-3.4902013264701326,3,164
prazo estipulado,-3.488269572144312,12,245
super rapido,-3.4797791330114785,1,194
descrito,-3.4708548789172524,5,175
satisfeito com,-3.4580782118010713,6,183
em perfeito,-3.427874551542631,17,291
igual,-3.3910072849908444,5,169
estao de,-3.3791547549195324,2,155
trocar,-3.3637922979215955,5,167
entrega dentro,-3.3387763987099626,2,151
bastante,-3.33626576536582,5,165
pena,-3.33315665044057,10,214
maravilhoso,-3.318176273289148,6,173
com produto,-3.3130164119961676,13,243
tudo perfeito,-3.3078724859484034,2,148
quebrado,-3.303414362686353,3,148
entrega no,-3.301216059052067,18,292
chegou dentro,-3.2922467756749083,7,181
chegou no,-3.291942615607829,34,444
qualidade do,-3.285830389215011,1,167
superou,-3.278224125599239,1,166
beneficio,-3.2731661538205667,4,152
produto antes,-3.2731661538205667,4,152
vale,-3.2453021168657084,6,168
unidades,-3.24305026181402,10,208
menor,-3.237357526688824,5,158
duas,-3.23564759630895,29,393
custo beneficio,-3.2321671956161886,4,149
estipulado,-3.209513946282958,16,266
da foto,-3.2029083803710696,3,140
pelicula,-3.185852228503314,8,184
adorei produto,-3.1784504452213644,2,136
na cor,-3.150636925434328,3,136
bom recomendo,-3.1477732039909974,4,143
de excelente,-3.1351087899980783,1,148
plastico,-3.1239616001870254,3,134
somente,-3.12154157598662,25,347
otima loja,-3.1215057232624397,2,131
indico,-3.118954348276087,10,200
produto recomendo,-3.110484300418483,3,133
diferente do,-3.108739684150205,6,159
fiquei muito,-3.1043106013279687,4,140
no anuncio,-3.1038667283679886,5,149
confiavel,-3.0933197475463463,7,168
modelo,-3.0773892693615332,6,157
itens,-3.074842144062261,4,138
entregue bem,-3.0731589864105984,5,147
tecido,-3.0731589864105984,5,147
usei,-3.062579759348358,2,126
conforme anunciado,-3.059955606295211,4,137
como sempre,-3.059955606295211,4,137
da data,-3.0579537513868145,29,380
perfeitamente,-3.041643540786055,3,128
eficiente,-3.0296391752583296,6,154
feliz,-3.0275738752229966,3,127
apenas um,-3.0135243311973046,6,153
funcionando,-3.013399984204103,3,126
uso,-3.012855861272264,7,163
correta,-3.0015094357503376,2,121
inferior,-2.9991201973961825,3,125
mto,-2.9872481951655447,1,131
gostei da,-2.937004095911189,4,129
de comprar,-2.929990318039062,7,158
resistente,-2.926071492734625,3,120
facil de,-2.912053826804411,2,114
manual,-2.896780138506643,5,136
comprei duas,-2.8855766976542734,2,112
poderia ser,-2.8655403451961408,3,116
errada,-2.8655403451961408,3,116
com certeza,-2.8655403451961408,3,116
produto lindo,-2.8450395805984052,2,109
gosto,-2.839931422293429,4,123
qualidade recomendo,-2.8345329558436445,3,114
vieram,-2.8211978359348686,11,192
testei,-2.813256343936934,1,113
bom atendimento,-2.7893693810090423,2,105
chegou tudo,-2.7821219094200225,1,110
capa,-2.776447235626223,14,219
top,-2.7715898980815457,1,109
peca,-2.7607992776020476,2,103
cartucho,-2.759711315989948,5,128
apenas uma,-2.738327455048002,3,108
pecas,-2.720377861895766,7,146
cortina,-2.715926825474319,10,176
sem problemas,-2.7051320324168047,3,106
mandaram,-2.7032250817475307,4,115
recomendo produto,-2.699822926749704,8,155
vem,-2.6983525982872583,9,165
devolucao,-2.6959228633322363,21,281
que veio,-2.688311064313392,3,105
fragil,-2.688069374365612,5,124
prazo bem,-2.6870710389891013,2,98
muito lindo,-2.6719089284997093,2,97
item,-2.667629797956769,4,113
entrega muito,-2.6621224429554364,15,222
bom chegou,-2.6496056840066955,4,112
muito obrigado,-2.636920496445288,3,102
prazo super,-2.636920496445288,3,102
estou satisfeita,-2.6314270146242924,4,111
nao usei,-2.6255367108660694,2,94
so veio,-2.6194709752506182,3,101
veio tudo,-2.615061691917297,1,95
veio faltando,-2.614177729799408,5,120
nao funciona,-2.6119821172563094,6,130
pratico,-2.603159365008881,1,94
prazo porem,-2.594594857471262,4,109
pessima qualidade,-2.593015134942838,6,129
conforme anuncio,-2.5911497185920718,1,93
qualidade chegou,-2.5777678719359325,2,91
exatamente como,-2.557192967375551,5,117
super indico,-2.5544527919043514,1,90
atendeu as,-2.5479898684270377,3,97
veio bem,-2.5479898684270377,3,97
td,-2.529681533437977,3,96
produto dentro,-2.5189488991916127,4,105
otimo atendimento,-2.5111906805589923,3,95
foi rapida,-2.499606449946598,4,104
aparelho,-2.498789876919919,5,114
nao testei,-2.490907533632403,1,85
chegou em,-2.4876070018846046,17,231
muito rapida,-2.482441281362113,0,179
imagem,-2.4737888059071924,7,133
bem rapido,-2.4645880026557245,1,83
superou minhas,-2.4645880026557245,1,83
show,-2.4645880026557245,1,83
muito bonita,-2.4645880026557245,1,83
que recebi,-2.459030140029658,5,112
expectativa,-2.459030140029658,5,112
achei que,-2.453875404702674,7,132
vale pena,-2.442806490335617,2,83
veio um,-2.440491552624255,4,101
pelo preco,-2.440491552624255,4,101
do tempo,-2.437715030221309,1,81
prazo parabens,-2.424062267965234,1,80
descricao do,-2.424062267965234,1,80
funcionou,-2.4158596679296496,3,90
mochila,-2.4156756882473034,6,120
as expectativas,-2.4130597756753867,8,140
atende,-2.4130597756753867,8,140
amou,-2.3963055454922944,1,78
preta,-2.3963055454922944,1,78
exatamente que,-2.3963055454922944,1,78
cabo,-2.3961885012383064,3,89
produto perfeito,-2.3961885012383064,3,89
com compra,-2.3942845078677646,9,149
legal,-2.3890296804975213,2,80
adorou,-2.3890296804975213,2,80
site,-2.380341181501499,100,932
agilidade,-2.3796697952285695,4,98
marca,-2.374539407679341,6,118
produto foi,-2.370914419763498,45,473
entregue muito,-2.3679206510116333,1,76
chegou super,-2.3679206510116333,1,76
direitinho,-2.3589987886915686,4,97
bolsa,-2.3589987886915686,4,97
entrega bem,-2.356204813258192,3,87
so achei,-2.356204813258192,3,87
prazo certo,-2.35211399177767,2,78
parabens pela,-2.338873440627656,1,74
papel,-2.338873440627656,1,74
veio em,-2.3358825009578332,3,86
usar,-2.333820113966344,9,146
prazo combinado,-2.333320326014078,2,77
recebi um,-2.332733426954321,20,250
fiscal,-2.3290432534810446,27,313
cada,-2.3170367159978107,4,95
tudo conforme,-2.314294959353776,2,76
perfeita,-2.3025425669030932,0,154
veio na,-2.295031738412051,2,75
atendido,-2.295031738412051,2,75
fino,-2.295031738412051,2,75
recomendo muito,-2.293979048704106,1,71
tela,-2.293979048704106,1,71
bom entrega,-2.2800016512117236,0,151
amassada,-2.2755242644487517,2,74
com qualidade,-2.2755242644487517,2,74
certeza,-2.272160473748167,9,143
maior,-2.27156698772041,12,172
prazo estabelecido,-2.271246492299405,5,103
um relogio,-2.263107294397521,1,69
atendeu minhas,-2.2557658802338545,2,73
tudo correto,-2.252267836227341,3,82
vidro,-2.252267836227341,3,82
um produto,-2.2474235550641892,43,447
rapidez na,-2.2473720499441496,1,68
otimo vendedor,-2.2473720499441496,1,68
parece ser,-2.2357496560258188,2,72
pequeno,-2.231694862769401,12,170
excelente entrega,-2.2314292162866907,1,67
nota fiscal,-2.23130774512436,27,307
conforme combinado,-2.230509355484453,4,91
produto errado,-2.2273853076520815,5,101
material de,-2.215272444533786,1,66
produto atendeu,-2.215272444533786,1,66
sempre,-2.210733962884131,81,761
leve,-2.2089859130937253,3,80
qualidade entrega,-2.203201301774951,0,141
estabelecido,-2.203029399842241,6,110
seguro,-2.198895093343646,1,65
toalhas,-2.1949145151774783,2,70
totalmente,-2.1913763184276114,12,168
chegou rapido,-2.1875178744889343,0,139
entregue no,-2.1833474993838133,44,451
veio errado,-2.1826839920036276,5,99
parabens pelo,-2.182290210812811,1,64
tampa,-2.174080236376772,2,69
montar,-2.174080236376772,2,69
lindas,-2.165450514946418,1,63
produto original,-2.1646554433200476,3,78
mal,-2.158828445551722,7,118
na embalagem,-2.152957357742118,2,68
qualidade muito,-2.152957357742118,2,68
dois,-2.1515370434766,57,558
comprar na,-2.1483683725748253,1,62
algumas,-2.1483683725748253,1,62
bateria,-2.1483683725748253,1,62
celular,-2.1397165973074928,8,127
na descricao,-2.13710922887818,5,97
aparentemente,-2.1315373400925908,2,67
impressora,-2.1315373400925908,2,67
produto maravilhoso,-2.1310357765663315,1,61
lindos,-2.1310357765663315,1,61
bom preco,-2.1310357765663315,1,61
de plastico,-2.1310357765663315,1,61
rapido entrega,-2.1310357765663315,1,61
nao gostei,-2.1150095864446037,27,300
jeito,-2.113983352255094,5,96
prazo gostei,-2.113444321168383,1,60
como descrito,-2.10981126436515,2,66
embalada,-2.09558517529025,1,59
prazo excelente,-2.09558517529025,1,59
muito obrigada,-2.0877698088928986,2,65
necessidades,-2.0774490535179755,1,58
fosse,-2.0767992630193697,11,153
jogo,-2.066378893591527,6,104
fraco,-2.0654032249660945,2,64
poderia,-2.06259411131604,19,226
solicitei devolucao,-2.059026184627216,1,57
surpreendeu,-2.059026184627216,1,57
veio antes,-2.0403062773309064,1,56
troca do,-2.0403062773309064,1,56
recomendo entrega,-2.0403062773309064,1,56
atendida,-2.0403062773309064,1,56
entregou,-2.0298686608528027,35,364
produtos,-2.025848017245623,116,1026
confortavel,-2.0248136129505703,3,72
lencol,-2.0248136129505703,3,72
iguais,-2.021278482965883,1,55
otimo entrega,-2.021278482965883,1,55
boa loja,-2.021278482965883,1,55
imaginava,-2.021278482965883,1,55
comprando,-2.01965338176308,2,62
que chegou,-2.01965338176308,2,62
totalmente diferente,-2.01965338176308,2,62
devolver,-2.005510404980643,18,214
pena que,-2.001931354785118,1,54
garantia,-2.001931354785118,1,54
do jeito,-2.0004260996020817,3,71
adoro,-2.0004260996020817,3,71
amei produto,-1.9983357422363666,0,116
pouco mais,-1.9822528034790405,1,53
de uso,-1.9757070333297342,3,70
imaginei,-1.9724741514839526,2,60
do combinado,-1.9724741514839526,2,60
do anuncio,-1.9724741514839526,2,60
porem veio,-1.9724741514839526,2,60
devolver produto,-1.9622300485000572,1,52
lannister sempre,-1.9622300485000572,1,52
dentro das,-1.9622300485000572,1,52
os dois,-1.9506470507317704,3,69
especificacoes,-1.9506470507317704,3,69
pedido chegou,-1.9483187857896846,2,59
solicitado,-1.945336096684112,5,89
na nota,-1.945336096684112,5,89
resto,-1.9418495647071456,1,51
rapida antes,-1.9418495647071456,1,51
esta funcionando,-1.9418495647071456,1,51
melhor do,-1.9418495647071456,1,51
prazo veio,-1.9418495647071456,1,51
otimo custo,-1.9237692029498465,2,58
de pessima,-1.9219834120812511,6,98
foto do,-1.9210970237814176,1,50
produto certo,-1.9210970237814176,1,50
bem atendido,-1.8999572297871274,1,49
veio no,-1.8999572297871274,1,49
boa compra,-1.8999572297871274,1,49
recomendo chegou,-1.8999572297871274,1,49
dentro da,-1.8994648749997858,3,67
na caixa,-1.8994648749997858,3,67
compra entrega,-1.8994648749997858,3,67
cores,-1.8988117985213062,2,57
veio uma,-1.8988117985213062,2,57
comprei dois,-1.8866672660442971,15,181
veio apenas,-1.8784140481635256,1,48
defeitos,-1.8784140481635256,1,48
pedido veio,-1.8784140481635256,1,48
justo,-1.8784140481635256,1,48
bem embalada,-1.8784140481635256,1,48
produto super,-1.8784140481635256,1,48
que esperava,-1.873432260572302,2,56
rosa,-1.873432260572302,2,56
deu tudo,-1.873432260572302,2,56
veio sem,-1.8733218776845837,3,66
quebrada,-1.8733218776845837,3,66
caro,-1.8695915214701602,13,162
fica,-1.8695915214701602,13,162
muito caro,-1.8564503273295083,1,47
relogio lindo,-1.8564503273295083,1,47
partes,-1.8564503273295083,1,47
uma caixa,-1.8564503273295083,1,47
excelente loja,-1.8564503273295083,1,47
cadeiras,-1.847615520105602,2,55
veio certinho,-1.847615520105602,2,55
nenhum problema,-1.847615520105602,2,55
otimas,-1.847615520105602,2,55
conforme descrito,-1.847615520105602,2,55
corresponde,-1.8467963054717345,3,65
fotos,-1.8467963054717345,3,65
cama,-1.8434528473176668,4,75
do relogio,-1.834047811961692,1,46
instrucoes,-1.834047811961692,1,46
minha expectativa,-1.834047811961692,1,46
relogio muito,-1.834047811961692,1,46
recebi tudo,-1.834047811961692,1,46
usado,-1.8213456970827062,2,54
recebi bem,-1.8213456970827062,2,54
material muito,-1.8213456970827062,2,54
cm,-1.8213456970827062,2,54
entrega feita,-1.8198765666561911,3,64
produto exatamente,-1.8198765666561911,3,64
entregou antes,-1.8179040159267925,0,96
na compra,-1.811187046864667,1,45
loja entregou,-1.811187046864667,1,45
mesa,-1.7946060415740874,2,53
de forma,-1.7946060415740874,2,53
amassado,-1.7946060415740874,2,53
chegou certinho,-1.7925505417512226,3,63
esse produto,-1.7896033041922212,4,73
loja produto,-1.7896033041922212,4,73
cobre,-1.7878472701849426,1,44
cor errada,-1.7878472701849426,1,44
inferior ao,-1.7878472701849426,1,44
super bem,-1.7878472701849426,1,44
me surpreendeu,-1.7878472701849426,1,44
brinde,-1.7878472701849426,1,44
solicitei,-1.7824093787584112,16,185
ficou,-1.7818267686917257,21,229
espectativas,-1.7673788694997197,2,52
prazo otimo,-1.7673788694997197,2,52
menos de,-1.7673788694997197,2,52
tinta,-1.76480555121264,3,62
protecao,-1.76480555121264,3,62
entregue apenas,-1.764006294522941,1,43
loja entrega,-1.764006294522941,1,43
fone,-1.764006294522941,1,43
veio quebrado,-1.764006294522941,1,43
barato,-1.7621471571773364,4,72
pensei,-1.7621471571773364,4,72
recomendo loja,-1.7595488256250613,15,175
realmente,-1.7539643511002492,9,120
super satisfeita,-1.7396403742638635,1,42
branca,-1.7396403742638635,1,42
faltando um,-1.7396403742638635,1,42
produto igual,-1.7396403742638635,1,42
que esperado,-1.7396403742638635,1,42
incompleto,-1.7366283206727586,3,61
sem nenhum,-1.7366283206727586,3,61
eu recebi,-1.7363284515498978,5,81
diferentes,-1.7363284515498978,5,81
produto recebido,-1.7343240232775887,4,71
metade,-1.7343240232775887,4,71
otima compra,-1.7305856601755483,0,87
rapida entrega,-1.7206102020583935,0,86
cortinas,-1.7147240571704694,1,41
prazo amei,-1.7147240571704694,1,41
unidades do,-1.7147240571704694,1,41
do material,-1.7147240571704694,1,41
instalar,-1.7147240571704694,1,41
qualidade entregue,-1.7113861402325106,2,50
seguranca,-1.7113861402325106,2,50
comprar nas,-1.7113861402325106,2,50
pulseira,-1.7113861402325106,2,50
foi super,-1.710576590835239,0,85
promete,-1.7080049434510682,3,60
data prevista,-1.699009241006174,23,242
produto ok,-1.6892300179497217,1,40
apesar do,-1.6892300179497217,1,40
excelentes,-1.6892300179497217,1,40
comprar no,-1.6892300179497217,1,40
surpresa,-1.6892300179497217,1,40
estou satisfeito,-1.6880781301985806,8,108
tudo otimo,-1.6825798773725296,2,49
cima,-1.6825798773725296,2,49
pequena,-1.6801163897041702,0,82
produto bonito,-1.678920840083047,3,59
alto,-1.678920840083047,3,59
kit,-1.670480515806424,19,206
possui,-1.6631288711082546,1,39
com atendimento,-1.6631288711082546,1,39
veio outro,-1.6631288711082546,1,39
porem so,-1.6631288711082546,1,39
hora,-1.6622715684943083,8,107
duvida,-1.6532045093380003,2,48
conforme esperado,-1.6532045093380003,2,48
luminarias,-1.6532045093380003,2,48
estrelas,-1.6493607145794418,3,58
do frete,-1.6485502687758309,4,68
duas unidades,-1.6485502687758309,4,68
mt,-1.6485502687758309,4,68
trabalho,-1.6468431057358401,7,97
rapida recomendo,-1.6280838661665507,0,77
solicitacao,-1.6232364808228543,2,47
alta,-1.6232364808228543,2,47
nao funcionou,-1.6232364808228543,2,47
eficiencia,-1.6174765748292936,0,76
otimos,-1.6067992813144194,0,75
diferente da,-1.6060301143144737,6,86
compra de,-1.6033222603328257,9,114
eu comprei,-1.6014703795970637,18,194
recebi uma,-1.592718452045951,7,95
pontual,-1.5926507629280522,2,46
carteira,-1.5926507629280522,2,46
um otimo,-1.5926507629280522,2,46
conforme pedido,-1.5926507629280522,2,46
quantidade,-1.5926507629280522,2,46
bebe,-1.5893374357797347,4,66
adquiri,-1.5614207285860509,2,45
reais,-1.5614207285860509,2,45
veio correto,-1.5614207285860509,2,45
base,-1.5590864202598325,4,65
jogo de,-1.5590864202598325,4,65
em tempo,-1.5576594755218587,3,55
gosto muito,-1.5576594755218587,3,55
esta faltando,-1.5576594755218587,3,55
baixa,-1.5493368554306406,6,84
ordem,-1.541183333342539,0,69
nf,-1.53663555766729,5,74
grata,-1.5295180146128613,2,44
prazo adorei,-1.5295180146128613,2,44
lacrado,-1.5295180146128613,2,44
aprovado,-1.5295180146128613,2,44
comprei produtos,-1.5283886856187234,4,64
que pedi,-1.5260262287884896,3,54
produto da,-1.5260262287884896,3,54
parafusos,-1.5260262287884896,3,54
porem nao,-1.5252476441658334,12,138
rapido produto,-1.5186816550873492,0,67
tapete,-1.5007771505025707,12,137
continuem,-1.4969123686359866,2,43
menor do,-1.4969123686359866,2,43
encomendei,-1.4969123686359866,2,43
muito feliz,-1.4958416138953752,0,65
colcha,-1.4938279286593616,3,53
instalei,-1.4842898349817697,0,64
recebi somente,-1.4811648503225665,7,91
quanto,-1.4772915947065042,16,171
entrega chegou,-1.4726474663196205,0,63
comprar mais,-1.4635714788740044,2,42
muito eficiente,-1.4635714788740044,2,42
chegou apenas,-1.4635714788740044,2,42
meu filho,-1.4618568609507665,6,81
nao original,-1.4609123421146901,0,62
mostra,-1.4609123421146901,0,62
veio muito,-1.4609123421146901,0,62
consegui,-1.4525549777065017,7,90
excelente atendimento,-1.4490822088778292,0,61
valeu,-1.4472376892446597,8,99
produtos de,-1.4455034895764474,5,71
mas veio,-1.4455034895764474,5,71
testar,-1.4334776131729705,4,61
somente uma,-1.4294607844218743,2,41
som,-1.4294607844218743,2,41
da qualidade,-1.4294607844218743,2,41
condiz,-1.4294607844218743,2,41
quanto ao,-1.4276520526921181,3,51
eram,-1.4276520526921181,3,51
instalacao,-1.4276520526921181,3,51
no site,-1.417784761781558,46,416
mto bom,-1.4129977958440318,0,58
prazo com,-1.4129977958440318,0,58
quero devolver,-1.400852262749858,4,60
montagem,-1.400852262749858,4,60
preco bom,-1.4007631525821638,0,57
gostei bastante,-1.4007631525821638,0,57
entregue corretamente,-1.4007631525821638,0,57
da embalagem,-1.3945432633147234,2,40
em menos,-1.3945432633147234,2,40
chegou conforme,-1.3945432633147234,2,40
chegou corretamente,-1.3945432633147234,2,40
estampa,-1.3945432633147234,2,40
entrega recomendo,-1.3945432633147234,2,40
indicado,-1.3945432633147234,2,40
produto eu,-1.3945432633147234,2,40
prazo eu,-1.3945432633147234,2,40
logistica,-1.3945432633147234,2,40
adoro comprar,-1.3945432633147234,2,40
podem,-1.3936294675348788,3,50
produto diferente,-1.3936294675348788,3,50
rapidamente,-1.3936294675348788,3,50
reclamar,-1.3923004782685549,10,115
cuidado,-1.3827003981387302,5,69
deixa,-1.3712638645366253,6,78
vou comprar,-1.3677064994815307,4,59
jeito que,-1.3677064994815307,4,59
tudo dentro,-1.3634007914349664,0,54
em ordem,-1.3634007914349664,0,54
igual ao,-1.3634007914349664,0,54
especificado,-1.358951631797744,3,49
cobrado,-1.358951631797744,3,49
comprei unidades,-1.358951631797744,3,49
pessoas,-1.3587791951894788,2,39
vermelha,-1.3587791951894788,2,39
enganosa,-1.3587791951894788,2,39
certo com,-1.3587791951894788,2,39
produtos so,-1.3587791951894788,2,39
correu,-1.3587791951894788,2,39
ao produto,-1.350717075660873,0,53
compativel,-1.350717075660873,0,53
nao consegui,-1.350650645804433,5,68
meio,-1.350650645804433,5,68
forma,-1.3503657761995678,12,131
estao,-1.3449341543671742,26,249
prazo sem,-1.3340234429309823,4,58
servico,-1.3281276966918438,22,215
me mandaram,-1.324985515256995,0,51
veio conforme,-1.324985515256995,0,51
luminaria,-1.324985515256995,0,51
muito linda,-1.324985515256995,0,51
impressao,-1.3235926725976828,3,48
serve,-1.3235926725976828,3,48
normal,-1.3235926725976828,3,48
produto atende,-1.3235926725976828,3,48
mesmo produto,-1.3235926725976828,3,48
como esperado,-1.3235926725976828,3,48
de vidro,-1.3235926725976828,3,48
foi otimo,-1.3221258948224421,2,38
recomendo para,-1.3221258948224421,2,38
mas pelo,-1.3221258948224421,2,38
detalhes,-1.3221258948224421,2,38
nada reclamar,-1.3221258948224421,2,38
deles,-1.3221258948224421,2,38
bom comprar,-1.3221258948224421,2,38
perfume,-1.3181527050142094,5,67
nao instalei,-1.3119305288020966,0,50
eu queria,-1.309027187299879,6,76
falsificado,-1.2987443453658574,0,49
feliz com,-1.2987443453658574,0,49
agua,-1.2854229274021491,0,48
superou as,-1.2854229274021491,0,48
recomendado,-1.2851939106092622,5,66
preto,-1.2783009862177255,9,102
eu pedi,-1.2749788388616796,8,93
minha filha,-1.2749788388616796,8,93
filha,-1.2749788388616796,8,93
agil,-1.2719620259334243,0,47
que promete,-1.2719620259334243,0,47
acabado,-1.2719620259334243,0,47
baixo,-1.2719620259334243,0,47
que fosse,-1.2649737674830792,4,56
avarias,-1.2583571647176264,0,46
segura,-1.2583571647176264,0,46
vir,-1.2517610622209652,5,65
de confianca,-1.2507200717611608,3,46
uma unidade,-1.2507200717611608,3,46
entregaram antes,-1.244603622857263,0,45
propaganda,-1.2434984649500078,7,83
vendedor,-1.231732885177784,49,428
direito,-1.2306964156590892,0,44
amo,-1.2306964156590892,0,44
porta,-1.2306964156590892,0,44
fiquei satisfeita,-1.2295690618892618,4,55
pacote,-1.2295690618892618,4,55
cadeira,-1.220055566759815,12,126
parede,-1.2166302735243948,0,43
feita antes,-1.2166302735243948,0,43
eu gostei,-1.2166302735243948,0,43
bom entregue,-1.2166302735243948,0,43
util,-1.2166302735243948,0,43
achei muito,-1.213146481411173,3,45
porem produto,-1.213146481411173,3,45
num,-1.213146481411173,3,45
precos,-1.213146481411173,3,45
filho,-1.2122940927398038,7,82
comprarei,-1.2122940927398038,7,82
rapido recomendo,-1.2023996186164212,0,42
previsto produto,-1.2023996186164212,0,42
de dois,-1.193550768889227,4,54
compra chegou,-1.1879985390119334,0,41
mais barato,-1.1879985390119334,0,41
bem rapida,-1.1879985390119334,0,41
ja solicitei,-1.1879985390119334,0,41
descrito no,-1.1879985390119334,0,41
previsto muito,-1.1879985390119334,0,41
gostei de,-1.1834175426487374,5,63
pessoa,-1.1834175426487374,5,63
apesar,-1.1792944650629253,22,208
kit de,-1.1747715845426434,3,44
pelicula de,-1.1747715845426434,3,44
relogios,-1.1747715845426434,3,44
ver se,-1.1734207599972426,0,40
bom estado,-1.1734207599972426,0,40
uma peca,-1.1734207599972426,0,40
prazo conforme,-1.1734207599972426,0,40
aquisicao,-1.1734207599972426,0,40
vem com,-1.1734207599972426,0,40
ser melhor,-1.1734207599972426,0,40
unico,-1.1713442257432518,10,107
do produto,-1.1685857162267064,153,1226
dos produtos,-1.1665875474610756,12,124
completo,-1.1568973191097773,4,53
prazo correto,-1.1568973191097773,4,53
do site,-1.148804692524972,7,80
paguei por,-1.1484775120423216,5,62
mas chegou,-1.1464411236761995,6,71
carregador,-1.1355604451453898,3,43
prazo estou,-1.1355604451453898,3,43
equipe,-1.1355604451453898,3,43
da caixa,-1.1355604451453898,3,43
no baratheon,-1.1195860054082754,4,52
em otimo,-1.1195860054082754,4,52
fora isso,-1.1195860054082754,4,52
capinha,-1.1195860054082754,4,52
alguns,-1.1165029795476935,7,79
coisa,-1.1137123326894265,10,105
somente um,-1.1130046367941433,5,61
comprar com,-1.1130046367941433,5,61
valor do,-1.1130046367941433,5,61
boas,-1.1130046367941433,5,61
verdade,-1.1126415342436442,6,70
numa,-1.0954758298097211,3,42
de baixa,-1.0954758298097211,3,42
opcao,-1.0954758298097211,3,42
prazo final,-1.0954758298097211,3,42
danificado,-1.0815929024607174,4,51
produto recebi,-1.0815929024607174,4,51
hp,-1.0815929024607174,4,51
tao,-1.0696995726638345,11,112
recebi dentro,-1.0544780041945319,3,41
tempo previsto,-1.0544780041945319,3,41
carro,-1.0544780041945319,3,41
manual de,-1.0544780041945319,3,41
branco,-1.0428927792042615,4,50
otimo estado,-1.0428927792042615,4,50
bons,-1.0403941003901127,5,59
colocar,-1.0284190963247806,8,85
ver,-1.019539067648079,13,127
boa tarde,-1.0172635265296468,7,76
na loja,-1.0172635265296468,7,76
produto como,-1.0172635265296468,7,76
mas recebi,-1.0125245066907145,3,40
coloquei,-1.0125245066907145,3,40
restante,-1.0125245066907145,3,40
site de,-1.0125245066907145,3,40
informado,-1.0113106993202399,14,135
maquina,-1.0034590033681932,4,49
exelente,-1.0034590033681932,4,49
pensei que,-1.0034590033681932,4,49
processo,-0.9960979905374396,8,84
demorou um,-0.9727794005872165,6,66
boneca,-0.9695698961775641,3,39
parecia,-0.9695698961775641,3,39
qualidade nao,-0.9695698961775641,3,39
prazo informado,-0.9654456259104418,5,57
cartuchos,-0.9365829737888546,6,65
tres,-0.9307696085531423,14,132
baixa qualidade,-0.9270471437951725,5,56
kits,-0.9270471437951725,5,56
de duas,-0.9255654702720112,3,38
caixa de,-0.9255654702720112,3,38
para fazer,-0.9255654702720112,3,38
seguinte,-0.9255654702720112,3,38
entregou no,-0.9222763236315218,4,47
neste,-0.9222763236315218,4,47
mas produto,-0.9155315614222247,9,90
certa,-0.8998663180601417,6,64
parece que,-0.8804661611355425,4,46
do stark,-0.880458949880811,3,37
atende as,-0.880458949880811,3,37
trata,-0.880458949880811,3,37
medo,-0.880458949880811,3,37
entanto,-0.8626144678889736,6,63
no entanto,-0.8626144678889736,6,63
na verdade,-0.8482984533817363,5,54
embora,-0.8482984533817363,5,54
fiz pedido,-0.8434981010115151,7,71
confianca,-0.8289646542853392,8,79
entregue em,-0.8280575993308453,12,112
prazo determinado,-0.8248118164951528,6,62
menos,-0.8173629841214792,16,144
conforme descricao,-0.8079038427733797,5,53
extremamente,-0.8079038427733797,5,53
recebi os,-0.80739404222547,7,70
pontualidade,-0.80739404222547,7,70
pedido de,-0.80739404222547,7,70
lugar,-0.80739404222547,7,70
entrega produto,-0.7983666909144694,12,111
dois produtos,-0.7950054872692496,13,119
claro,-0.7942411273330138,4,44
voltarei,-0.7942411273330138,4,44
comprei uma,-0.784634999608852,9,86
junto,-0.7774074563520538,10,94
apesar de,-0.7684309931162334,12,110
medidas,-0.7667975653790253,5,52
prazo estimado,-0.7249544719692258,5,51
recebi no,-0.7094423231481101,11,100
nas lojas,-0.7079325833708736,6,59
que buscar,-0.7042958854678073,4,42
dei,-0.7042958854678073,4,42
compraria,-0.6881059054454213,8,75
sucesso,-0.6823480861928877,5,50
ai,-0.6677565006429632,6,58
vendido,-0.6578265205447111,4,41
bom gostei,-0.6578265205447111,4,41
efetuar,-0.6578265205447111,4,41
no tempo,-0.6518189012040464,8,74
pendente,-0.6389505113483994,5,49
que ir,-0.6194506869270484,7,65
produto porem,-0.6194506869270484,7,65
outro produto,-0.613224069201577,11,97
atencao,-0.613224069201577,11,97
compra com,-0.6102997599372921,4,40
horas,-0.6102997599372921,4,40
com nota,-0.6102997599372921,4,40
recomendo sim,-0.5947323289921166,5,48
recebi outro,-0.5947323289921166,5,48
produto com,-0.5940871087491402,27,221
parte,-0.5833670556762757,22,182
controle,-0.5805511977438016,11,96
me enviaram,-0.5784693941483061,10,88
tarde,-0.5784693941483061,10,88
determinado,-0.5778846534499604,8,72
acabei,-0.5616671772233061,4,39
experiencia,-0.5616671772233061,4,39
ma,-0.5496624885328605,5,47
enviou,-0.5433070546169539,6,55
na hora,-0.5405524468273041,7,63
nesta,-0.5405524468273041,7,63
baratheon,-0.5351109996065806,28,226
os produtos,-0.5171769168004209,36,286
deixou,-0.5142717569140569,11,94
otimo preco,-0.5118770211581855,4,38
carrinho,-0.5118770211581855,4,38
vi,-0.5094154414051107,10,86
prometido,-0.5083763470198098,15,125
bom porem,-0.5037081868589042,5,46
demais,-0.5030900305194221,18,148
teria,-0.5004458504508573,6,54
me entregaram,-0.494186892958226,13,109
so chegou,-0.48065347808043707,11,93
enviaram,-0.4759270985815714,18,147
agradeco,-0.4634107134428286,8,69
para mim,-0.4608739107518991,4,37
si,-0.4608739107518991,4,37
melhores,-0.4608739107518991,4,37
entregue com,-0.4568575405151291,6,53
geral,-0.4568575405151291,6,53
vindo,-0.4568347369286661,5,45
mais rapido,-0.45468344860900034,12,100
frete,-0.4540723780037264,54,418
foi enviado,-0.4178344377277258,7,60
tempo de,-0.41251758863528637,6,52
simples,-0.4093905882828085,14,114
adquirido,-0.4090054241251106,5,44
apesar da,-0.4090054241251106,5,44
de produtos,-0.40859849540694465,4,36
oque,-0.40859849540694465,4,36
maneira,-0.40859849540694465,4,36
amigos,-0.40859849540694465,4,36
unica,-0.3937482111054316,9,75
feita,-0.3905139584919017,27,212
como entregue,-0.3756942239520543,7,59
produto em,-0.3733118578907056,21,166
um kit,-0.36740022961652175,6,51
compraria novamente,-0.36018134902557036,5,43
final,-0.35568667935132886,9,74
deu,-0.3335327721212432,22,172
abrir,-0.33290608773227953,7,58
valor,-0.32584595076661804,35,269
poderia ter,-0.32147838795538347,6,50
recomendo essa,-0.32147838795538347,6,50
entregas,-0.3171610048664396,9,73
entregue conforme,-0.30358197297264833,8,65
chegou com,-0.2870611637780258,12,95
inclusive,-0.27472358993001095,6,49
envio,-0.26658931286449167,17,132
recomendo compra,-0.2593813394201171,5,41
venho,-0.2593813394201171,5,41
havia,-0.2515069363567562,16,124
prevista,-0.23017820298876734,34,257
nesta loja,-0.22710586843863043,6,48
estimado,-0.22033231861439695,8,63
cumpre,-0.21779775064838802,12,93
produto mas,-0.20753761618608252,17,130
ligar,-0.20731504508320975,5,40
compra produto,-0.20731504508320975,5,40
antecedencia,-0.20731504508320975,5,40
estar,-0.19868556588939495,9,70
enquanto,-0.17781997865940846,8,62
erro,-0.15486628333231406,7,54
responsavel,-0.15407283213212758,5,39
parte do,-0.15407283213212758,5,39
entregue mas,-0.15407283213212758,5,39
abri,-0.14086931453579538,10,76
site nao,-0.12915369237129287,6,46
aqui,-0.11138083210591217,12,90
ir,-0.10840447693590691,15,112
tentando,-0.10167319179945904,10,75
marcado,-0.09960192557038124,5,38
vermelho,-0.09960192557038124,5,38
azul,-0.07560649792926241,9,67
devolucao do,-0.07521036895724476,12,89
de compra,-0.06201240278260171,10,74
quem,-0.05631191091579699,17,125
estou tentando,-0.04652967239634365,8,59
durante,-0.043846037080376564,5,37
dizia,-0.043846037080376564,5,37
dele,-0.043846037080376564,5,37
mandar,-0.027348112268055128,6,44
anos,-0.01137547045841479,11,80
queria,-0.009604718413973624,19,138
que compro,-0.0014545176723354172,8,58
completamente,0.013254942462786027,5,36
prazo mas,0.015280071279921436,14,101
por enquanto,0.03529100836413907,7,50
chegou um,0.04430875299044375,8,57
nas lannister,0.05243656225651172,9,64
muito ruim,0.05986779461126125,10,71
prazo so,0.07176528322596128,5,35
nao vou,0.0786160980613069,6,42
uma vez,0.08491635387856945,7,49
novamente,0.09025522308159976,15,106
produto loja,0.09078075085358556,8,56
pedir,0.13326284713374778,6,41
pois produto,0.13326284713374778,6,41
pendentes,0.13326284713374778,6,41
ola,0.18593794609250355,8,54
noite,0.18634165695010016,10,68
suporte,0.18725667674793173,11,75
produto,0.19955659902987802,1914,13803
pedidos,0.2295792094820182,10,67
codigo,0.23158540267525393,9,60
fico,0.23466909638042155,8,53
necessidade,0.23927323236302886,7,46
poderiam,0.23927323236302886,7,46
comprados,0.24611822564690344,6,39
sempre compro,0.2643083530018079,14,94
entregaram,0.2703185125796877,53,369
tive que,0.2760636291880834,32,220
nessa loja,0.29266292636396973,7,45
com vcs,0.29266292636396973,7,45
irei,0.29266292636396973,7,45
quadro,0.30442849026008373,6,38
uma semana,0.3075383337402634,12,79
recebido,0.3244428410893238,33,225
primeiro,0.3250745732722988,9,58
venda,0.3480936624974158,12,78
cumpriu,0.3480936624974158,12,78
fim,0.3640668706062034,6,37
unico problema,0.3857709531749977,8,50
na lannister,0.3890988073269631,12,77
comprei um,0.39433490289344714,38,257
pro,0.40256595647739024,7,43
nesse,0.40256595647739024,7,43
grande,0.404528572577716,25,166
alem disso,0.4250925318555113,6,36
entregues,0.4597839204271983,18,116
proxima,0.48756847309166945,6,35
deixou desejar,0.49086809917719415,8,48
recebo,0.49086809917719415,8,48
disso,0.5013303177761885,10,61
tipo,0.5019408637712757,13,81
enviado,0.5130410318177052,20,128
da compra,0.5162344316525518,33,217
chego,0.5169023260830685,7,41
produto so,0.5714623664602715,9,53
tenho que,0.5714623664602715,9,53
desejar,0.5959885888524946,18,112
mim,0.5959885888524946,18,112
ja fiz,0.5969882809348322,10,59
tenha,0.5997342851415682,8,46
primeira compra,0.6360263455116213,7,39
do pedido,0.6428793886252477,17,104
consta,0.6466335467908269,23,144
assim,0.6638734530693561,45,293
como faco,0.6755496883994773,9,51
devo,0.6975056406138163,7,38
pra mim,0.6975056406138163,7,38
loja muito,0.7151145488815412,11,63
boa noite,0.745718072254169,10,56
problema que,0.7603338561103214,7,37
feito,0.7697815037162589,23,140
entregou produto,0.7706900945300487,8,43
novo,0.7800889423488883,12,68
alem de,0.7914229500724969,19,113
horrivel,0.7967719255112892,10,55
pelo site,0.8144405095983621,14,80
muito grande,0.8902683634906973,7,35
aparece,0.8902683634906973,7,35
lojas,0.9134967011508541,50,315
as lojas,0.920096222532613,12,65
tempo,0.9327596747182753,68,436
lojas lannister,0.9328833617183702,37,227
compro,0.9396412859714017,49,307
chegaram,0.9448454378000928,22,128
entao,0.9484167244663193,20,115
pelo produto,0.9517489215969497,8,40
parceira,0.9517489215969497,8,40
que retirar,0.9546680916592165,10,52
ir buscar,0.9574990927319857,7,34
para entregar,0.9574990927319857,7,34
preciso que,0.9574990927319857,7,34
outras,0.9926453127844509,23,133
proceder,1.0089564591563056,10,51
tivesse,1.014546240031071,8,39
pelo,1.0161694012879592,102,663
no momento,1.026328123750196,7,33
faco para,1.026328123750196,7,33
internet,1.058730118516884,17,93
ou seja,1.0634370069170562,11,56
nunca tive,1.0690946561693333,18,99
pedido foi,1.0696798181693152,13,68
problemas,1.1026676102161288,47,286
deveria ser,1.1152882962413917,12,61
alem,1.1195328786036447,38,226
minha opiniao,1.1201686811906637,10,49
este produto,1.1201686811906637,10,49
um problema,1.1288591479559587,9,43
ficar,1.138700150365052,17,91
chegou ate,1.169300004162084,15,78
nome,1.169473303633608,11,54
fui,1.181631212451985,37,217
recomendo esta,1.1902074397471833,9,42
questao,1.210951249566098,8,36
poder,1.210951249566098,8,36
demorou muito,1.2135118502623605,15,77
entregue,1.223901218714607,437,2974
diz,1.2250834966753537,18,95
relacao,1.2590672866666595,16,82
telefone,1.2591407956287817,14,70
acho que,1.2597056022014121,23,125
desse,1.2787043086954635,11,52
americana,1.2787043086954635,11,52
saber como,1.279270321794047,8,35
tive nenhum,1.279270321794047,8,35
comprei na,1.279270321794047,8,35
codigo de,1.279270321794047,8,35
que produto,1.3029078368155158,28,155
logo,1.306407090630927,14,69
tentei,1.306407090630927,14,69
em casa,1.3226562984082115,22,117
parte da,1.3491120412524538,8,34
fato,1.3539171702420216,10,45
produto na,1.3743835285637058,12,56
melhorar,1.3913140502088728,11,50
pessima,1.3970290799910858,32,177
realizada,1.434928160231354,16,78
precisa,1.4650208575553327,13,60
tive problemas,1.4669471831010878,19,95
tive problema,1.476944959194376,10,43
qualquer,1.4800216945711064,16,77
com loja,1.4800216945711064,16,77
desta,1.4831775698715244,12,54
compra foi,1.4889640189781694,15,71
pq,1.4947561802874216,29,155
deveria,1.4976058585177432,34,186
sendo,1.5005809708525384,41,230
site da,1.5011239298887962,14,65
pode,1.5052126605610519,23,118
lannister com,1.5071230055173366,24,124
que seja,1.5075012421853184,11,48
loja para,1.5152518960003962,9,37
compra que,1.5152518960003962,9,37
numero,1.5401154679799165,10,42
alem do,1.5401154679799165,10,42
verificar,1.5401154679799165,10,42
uteis,1.5401154679799165,10,42
clientes,1.5512798487262225,14,64
demorado,1.5670028100525943,11,47
pior,1.5670028100525943,11,47
em relacao,1.5670028100525943,11,47
que comprei,1.5759855282160253,57,329
sou cliente,1.5951568729554049,12,52
dizer,1.6044393874241183,10,41
foi feita,1.6060032572858431,17,80
essa loja,1.616205029846499,22,109
dado,1.6274805655453437,11,46
compras,1.6335868540028982,42,231
for,1.6546734633217792,9,35
muito tempo,1.6699554696868533,10,40
mesmo assim,1.6833925409181731,18,84
pela internet,1.6889640564248816,11,45
produto pois,1.6889640564248816,11,45
tipo de,1.6889640564248816,11,45
stark,1.6978661783353675,40,216
tanto,1.7057388397995286,20,95
entrar em,1.712708204424602,16,72
comprado,1.7189431561113147,39,209
outros produtos,1.7266047586530973,9,34
produto por,1.7266047586530973,9,34
quer,1.7266047586530973,9,34
sou,1.727389230496209,18,83
pagar,1.733762759986138,13,55
paguei frete,1.733762759986138,13,55
dias uteis,1.7367041433290533,10,39
sido,1.7378988202205619,21,100
cancelamento,1.7378988202205619,21,100
agencia,1.7514839948199319,11,44
dificil,1.7694856049182541,12,49
com entrega,1.76954478706283,22,105
buscar,1.800694737752037,23,110
nessa,1.8093329881146376,16,70
ja comprei,1.8116133371793575,14,59
ruim,1.813676554429478,34,175
esta loja,1.834623372794132,15,64
entrega em,1.8740697131913606,10,37
muito longo,1.8797621259731008,11,42
recomendaria,1.882844077420524,17,74
foram,1.9060296446168121,38,196
fornecedor,1.906164267747382,24,113
semana,1.927048116931788,26,124
caso,1.9306636310089693,17,73
outros,1.9347427720864556,25,118
com lannister,1.9447763568827798,10,36
efetuei,1.945587919444304,11,41
ontem,1.945587919444304,11,41
produto no,1.9496152727985046,28,135
estamos,1.9519800682522812,9,31
ter sido,1.9520268274550048,12,46
varias,1.9537985274467145,18,78
algo,1.9625238058324188,13,51
enviar,1.9625238058324188,13,51
loja,2.011829333305951,290,1850
problemas com,2.021793754287721,13,50
parceiro,2.027826112573431,17,71
comprei,2.0378922052215733,330,2119
entrega,2.0709856542935396,777,5201
uma loja,2.0807917422337687,11,39
site das,2.090475713584866,10,34
pelos,2.113884500234196,19,80
teve,2.143500330791162,12,43
sendo que,2.1461778999451204,26,118
ocorreu,2.160266764343663,25,112
to,2.2057077173711455,14,52
recebemos,2.2057077173711455,14,52
demorou,2.2130832018369757,53,275
entrega de,2.220985902126022,11,37
produto que,2.2276753763296218,59,311
problema foi,2.29305470181417,11,36
pela loja,2.29305470181417,11,36
faco,2.2965394318328674,24,103
vezes,2.303440531808213,34,159
acredito que,2.326617838815077,16,60
fazer,2.3317951316259857,54,276
algum,2.332237644807543,17,65
reclamacao,2.3741891592215585,26,112
produto para,2.3865248049778525,14,49
entrar,2.38885784982571,22,90
liguei,2.4140828332910855,12,39
que seria,2.4140828332910855,12,39
prazo que,2.4140828332910855,12,39
retirar,2.4311653188365234,27,116
foram entregues,2.4376037960332733,16,58
informar,2.4413480697580936,11,34
seja,2.443573537334735,33,149
meu problema,2.484674569554318,12,38
de presente,2.5114464727103543,14,47
via,2.5114464727103543,14,47
acho,2.5172137007240893,38,175
informando,2.5176613212014742,11,33
que entrega,2.5176613212014742,11,33
fiz compra,2.5220583156332506,22,87
vou,2.535643611160106,81,431
recebimento,2.551356995209211,16,56
unidade,2.5714745506268595,26,107
produto prazo,2.5954799253608662,11,32
dizendo,2.5975759331154262,13,41
resolver,2.63035110169262,24,95
entregam,2.6400770183168873,14,45
demorada,2.6400770183168873,14,45
consumidor,2.6506258658689807,20,74
fiz uma,2.666737924235556,13,40
prazo era,2.666737924235556,13,40
uma compra,2.6679992851122556,16,54
nao compro,2.674850758971557,11,31
efetuada,2.674850758971557,11,31
portanto,2.70408263819652,12,35
as lannister,2.705841505965992,14,44
fiz,2.7176528032581104,77,397
pela,2.734998068143008,94,500
deste,2.772604357060654,14,43
diz que,2.772604357060654,14,43
dizendo que,2.7798862884641453,12,34
deveriam,2.8295860166098614,17,56
ocorrido,2.8384394381208793,11,29
disseram,2.8384394381208793,11,29
da mercadoria,2.8384394381208793,11,29
meus produtos,2.8384394381208793,11,29
breve,2.8384394381208793,11,29
pra chegar,2.8403903591317246,14,42
compra,2.84848759903964,264,1582
aguardo retorno,2.857086945335112,12,33
produto mais,2.857086945335112,12,33
seria,2.882130266160435,35,147
transporte,2.888203905297511,17,55
por favor,2.910467611412076,16,50
prazo da,2.9357230479966745,12,32
pelos correios,2.940112784947292,15,45
produto estava,3.006579202726405,15,44
das lojas,3.006579202726405,15,44
resolvido,3.015833011238018,12,31
sistema,3.015833011238018,12,31
segunda,3.031761060881883,24,86
do valor,3.036565835495406,16,48
conta,3.1020439121235284,21,70
produto comprado,3.130051764523165,17,51
favor,3.1317255728129294,23,79
varios,3.136145700678494,19,60
mail,3.163374529228266,29,108
recomendar,3.180625691780372,12,29
do vendedor,3.1845550395981395,13,33
vcs,3.189232114516078,41,170
por causa,3.1955621622769343,14,37
responsabilidade,3.1955621622769343,14,37
minha compra,3.203871153696875,28,102
chega,3.203871153696875,28,102
longo,3.229931465110722,23,77
saber se,3.232195078015647,16,45
avaliacao,3.2603697434500227,21,67
esperar,3.2653811530037693,12,28
produtos que,3.270026890750291,14,36
obtive resposta,3.270026890750291,14,36
entregue nao,3.282331927232321,15,40
peco,3.282331927232321,15,40
acredito,3.2949271023380957,22,71
mandei,3.3142025513097906,21,66
sei se,3.3196115094994165,17,48
dois dias,3.3427684538252995,18,52
para chegar,3.3427684538252995,18,52
entregue na,3.3427684538252995,18,52
parceiros,3.3671515651332093,16,43
causa,3.3671515651332093,16,43
ao cliente,3.4262279215956837,13,30
um retorno,3.4264476920970717,15,38
dessa,3.43169741587793,23,73
que fiz,3.450113877491841,17,46
solicito,3.452579360903713,20,59
para receber,3.4880633866102793,19,54
reembolso,3.5001416285484286,15,37
entrei em,3.5066759309547866,22,67
infelizmente nao,3.509636502196505,13,29
problema com,3.5166520423204424,17,45
infelizmente,3.5298789893599527,37,139
segundo,3.56090301976412,22,66
cancelei,3.580173368544403,14,32
possivel,3.610834356557438,19,52
ta,3.6425365037371233,28,92
total,3.648928493022316,21,60
entrega que,3.66089947524246,14,31
da lannister,3.6881842648881245,28,91
pagamento,3.694682651370072,25,77
urgencia,3.728014998934612,15,34
contato com,3.7895646081338175,36,127
opiniao,3.803126337736391,23,66
vao,3.8062993294807073,15,33
da empresa,3.8108222355775916,20,53
um absurdo,3.826318066094859,14,29
comprei no,3.861499890828857,18,44
fora,3.8925910729052178,44,164
realizei,3.93005305735898,18,43
tendo,3.9348935899078277,17,39
sera,3.944247521572153,21,55
de receber,3.9464598150807486,16,35
do correio,3.9464598150807486,16,35
falar com,3.966452330463565,15,31
qual,3.9723530673176803,26,76
comprei nao,3.9971090887246055,14,27
continuo,3.9971090887246055,14,27
meses,3.9971090887246055,14,27
entregue produto,3.9971090887246055,14,27
casa,4.020647155557559,53,206
entrei,4.023532128098773,26,75
falar,4.044217848909513,27,79
simplesmente,4.073895833516216,22,57
lannister,4.081602758750751,177,916
solucao,4.12718761189058,26,73
com prazo,4.131817955074259,19,44
cartao,4.164080376134832,28,81
das lannister,4.194362496801182,22,55
nao obtive,4.195993163031725,27,76
deve,4.200495976028296,19,43
por conta,4.215779902366674,15,28
contato para,4.232872710475357,17,35
chegado,4.2615798288830415,16,31
espero que,4.273263192298052,33,101
dificuldade,4.28607599814267,18,38
um prazo,4.28607599814267,18,38
maximo,4.3013191093947585,15,27
prazos,4.425759952241523,16,29
uma resposta,4.464027873636417,20,43
entrega mas,4.466874661667044,17,32
obtive,4.493640902429012,30,83
nenhum,4.502436434346014,55,200
comigo,4.5106263664125175,18,35
devido,4.530554088674935,29,78
nao tive,4.5620160070144165,43,140
tive,4.592981815501791,126,580
cidade,4.594291610662554,16,27
chateada,4.594291610662554,16,27
primeira vez,4.605097380283177,31,85
rastreamento,4.615666858655756,25,60
compromisso,4.630145592413277,19,37
informacoes,4.632933934393277,29,76
da loja,4.636236340698727,43,138
vai,4.660515321567937,39,119
insatisfeita,4.688159564817185,23,51
vez que,4.745823187901199,37,108
produto estou,4.746665751674569,20,39
minha residencia,4.787768983235069,26,61
produto era,4.816317130530228,23,49
insatisfeito,4.822950907120412,18,31
mensagem,4.892726472647721,20,37
preciso de,4.903288594770659,18,30
sei que,4.933580450181016,19,33
informacao,4.9497543720075035,29,70
residencia,4.950632320311336,30,74
alguma,4.984489415812878,18,29
pedido,4.9847084699269795,183,883
na data,5.109946248888428,30,71
minha casa,5.130782609610729,27,59
entrou,5.133479870434028,17,24
situacao,5.133479870434028,17,24
status,5.206124423853663,26,54
tenho como,5.220505161657475,17,23
recebi ainda,5.220505161657475,17,23
caminhoneiros,5.220505161657475,17,23
targaryen,5.227956318489527,55,177
nunca mais,5.250079891873418,19,29
correios nao,5.250079891873418,19,29
providencias,5.349356576853279,20,31
espera,5.349356576853279,20,31
no aguardo,5.366143006915345,36,90
quero saber,5.371404132178288,21,34
transportadora,5.471551613704306,28,57
empresa,5.475780243914466,94,360
chegou na,5.486983208092477,25,46
enviei,5.51189405080066,29,60
primeira,5.603543041962087,59,184
apos,5.678655000350255,44,116
tenho,5.69909855633705,85,305
da entrega,5.737415685378973,61,189
vez,5.78651113846642,80,277
paguei,5.802525482774665,83,291
urgente,5.8247097666728065,25,41
email,5.840583200977966,42,104
pago,5.87959291964834,34,72
ha,5.913242442267694,48,127
me deram,5.91371319021524,21,27
produto esta,5.936249316529301,31,60
nao sei,6.066387917937015,46,115
pedido nao,6.072210419504227,21,25
sempre comprei,6.138534179064892,27,43
cumprido,6.152395580524288,22,27
absurdo,6.172362927596197,31,56
no correio,6.1779975295851655,39,85
nao consigo,6.321439152811071,47,113
quase,6.363792466901861,49,120
estorno,6.383768899926815,23,27
desde,6.4124531692641575,40,84
que houve,6.4618887094829365,22,23
receber produto,6.4981329877511715,32,54
prazo nao,6.6082287385618805,24,27
ser entregue,6.625952248159416,37,69
espero,6.6780562024669265,65,178
prazo para,6.680932092920085,25,29
presente de,6.688837101421774,22,20
nao entregaram,6.692415171499363,28,38
consigo,6.731618873144413,52,123
cancelar,6.742355817302484,32,50
que aconteceu,6.753620591359519,25,28
entregue ate,6.75564803901379,27,34
loja nao,6.768017308662594,29,40
greve dos,6.824698151558357,26,30
posso avaliar,6.828909759350185,28,36
rastrear,6.833392442471978,22,18
encomenda,6.849200129117129,54,128
data de,6.853766143982068,31,45
recebi mercadoria,6.897447391785646,28,35
entregar,6.899902215073673,62,159
dinheiro de,6.920496311459236,40,74
data,6.9316687752618735,142,533
nos correios,6.960425278597919,49,106
nao tenho,6.974221625503856,53,121
produto ja,7.017555403490785,34,52
retorno,7.021100313676805,77,219
falta,7.032059831525628,78,223
meu dinheiro,7.044278027888559,46,93
preciso,7.058253698311041,71,192
rastreio,7.172792322780326,30,37
natal,7.1746218390587835,27,28
nao posso,7.228696491045114,44,82
quero meu,7.239508083769969,37,58
entrega do,7.2838971297282,56,125
faz,7.290149882602526,48,95
dar,7.303749898295404,45,84
problema,7.339657231720892,131,457
minha encomenda,7.443856670618228,28,27
estou esperando,7.445662840732397,34,45
volta,7.511895428526586,51,101
motivo,7.5205045818636265,36,50
de volta,7.529896144365341,50,97
nao entregou,7.569985026011208,26,19
sei,7.594134036064955,64,148
culpa,7.635629270941534,30,30
entrega ate,7.638730038068954,29,27
com cliente,7.640403426192905,36,48
comprei produto,7.652694116602096,45,77
demora na,7.693953858734212,33,38
fora do,7.703723660065557,28,23
atrasado,7.775638996789691,26,15
foi entregue,7.798745064547027,283,1224
deram,7.819461801263708,35,42
previsao de,7.825824841653617,31,30
prazo de,7.9167068147307464,139,467
posso,7.924233642983994,61,128
dinheiro,7.941727806739648,69,158
pessimo,7.94785550489927,54,102
atrasou,8.0056667781772,29,21
cliente,8.088615650074205,87,226
gostaria,8.123073908483903,88,229
nao recomendo,8.130449156548453,79,192
greve,8.141883074090115,42,58
chegou ainda,8.160032095158643,28,13
saber que,8.193808818909298,32,27
meu pedido,8.20237312219722,75,174
entrega era,8.270876471413983,29,15
hj,8.28065035491775,30,19
ja passou,8.37868217278996,57,3
em contato,8.42328899143741,81,191
os correios,8.431764387363444,53,88
mercadoria,8.502519617143017,119,348
recebi minha,8.5347552606008,33,24
de respeito,8.5347552606008,33,24
estou aguardando,8.590768754753746,95,242
aconteceu,8.60822598048377,47,65
quero,8.641331769594055,121,351
gostaria de,8.654848274045898,81,184
ate presente,8.71141438736052,37,33
de saber,8.730378563855336,54,85
aguardo,8.775470939886516,99,252
contato,8.775877815807107,120,341
passou do,8.783015064881818,39,6
nunca,8.825857469646218,89,210
resposta,8.915959747721558,91,215
para entrega,8.97110846283034,61,103
avaliar,9.030921703535318,62,105
houve,9.117792086048476,62,103
nenhuma,9.157970594691673,71,133
uma posicao,9.367533843582558,37,18
respeito,9.555761000165662,54,68
posicao,9.564303338394417,44,38
esperando,9.604837025549509,62,92
presente,9.755271331916461,90,185
atraso na,9.78268743791663,42,27
correio,9.816655137913118,98,213
ninguem,10.003537154251395,77,132
nao entregue,10.09744290286537,43,21
na entrega,10.149640646644961,126,311
demora,10.287215908837577,93,180
previsao,10.384133470996229,57,60
chegar,10.656827781086381,105,212
hoje nao,10.868635264185903,50,17
entrega nao,11.009150081238502,54,37
falta de,11.065414968174368,64,66
agora nada,11.261728024854158,56,37
aguardando,11.281287386691467,141,326
produto ate,11.380134937836145,55,29
um mes,11.501591179839792,61,47
dos correios,11.663045017132747,89,128
receber,11.781182860978532,131,269
saber,12.563439603158498,116,190
satisfacao,13.088557710895872,80,64
de entrega,13.468868141996827,226,565
passou,13.811797834191067,87,19
momento nao,13.812798664789774,89,71
nem,14.518043943559793,160,271
ate momento,14.763747541625447,131,169
mes,14.965310905937988,105,85
momento,15.698442463653919,164,241
agora nao,16.186461843753246,123,100
ate hoje,16.553778446218402,115,52
correios,16.686287139029872,231,426
recebi meu,17.49197312985163,137,96
produto ainda,17.71659555010143,141,100
hoje,20.388170067325927,178,101
atraso,20.61284741803307,178,72
agora,20.900283811111585,295,442
produto nao,21.491183583445608,321,497
ate agora,22.322666473697648,248,233
meu produto,23.669359918099058,300,325
recebi,23.7717484632002,1060,3335
recebi produto,24.372385247787058,475,850
nao chegou,28.023453183410574,337,196
nao recebi,45.26121827817888,924,686
